"ID","prompt","response","set"
1,"علب الصفيح","إعادة تدوير","arabic1"
1,"علب الصفيح","ديكور","arabic1"
1,"علب الصفيح","خلفية","arabic1"
1,"علب الصفيح","مجسمات","arabic1"
1,"علب الصفيح","لعب للأطفال","arabic1"
1,"علب الصفيح","وضع الشمع داخلها","arabic1"
1,"علب الصفيح","الزراعة","arabic1"
2,"علب الصفيح","إعادة تدوير","arabic1"
2,"علب الصفيح","إطارات السيارات","arabic1"
2,"علب الصفيح","الأقنعة المعدنية","arabic1"
2,"علب الصفيح","اللوحات الفنية","arabic1"
3,"علب الصفيح","حصالة أموال","arabic1"
3,"علب الصفيح","يضع بها أوراق وأشياء","arabic1"
3,"علب الصفيح","عائق","arabic1"
3,"علب الصفيح","الزراعة","arabic1"
3,"علب الصفيح","سلة قمامة","arabic1"
3,"علب الصفيح","علبة مناديل","arabic1"
3,"علب الصفيح","يضع بها الأحذية","arabic1"
4,"علب الصفيح","تخزين الطعام","arabic1"
4,"علب الصفيح","صنع لوحة تشكيلية","arabic1"
4,"علب الصفيح","أشكال هندسية","arabic1"
4,"علب الصفيح","علبة لحفظ الأقلام","arabic1"
4,"علب الصفيح","إكسسوارات","arabic1"
4,"علب الصفيح","الزينة","arabic1"
5,"علب الصفيح","مزهرية","arabic1"
5,"علب الصفيح","صندوق","arabic1"
5,"علب الصفيح","دلو لتخزين المياة","arabic1"
5,"علب الصفيح","حصالة","arabic1"
5,"علب الصفيح","مقلمة أقلام","arabic1"
6,"علب الصفيح","أشكال (دوائر ومربعات)","arabic1"
6,"علب الصفيح","تلوين العلب و زخرفتها","arabic1"
6,"علب الصفيح","الموسيقي","arabic1"
6,"علب الصفيح","إعادة تدوير","arabic1"
6,"علب الصفيح","تكوين ورد","arabic1"
6,"علب الصفيح","فازة","arabic1"
7,"علب الصفيح","إناء للزراعة","arabic1"
7,"علب الصفيح","مقلمة","arabic1"
7,"علب الصفيح","صورة بالعلب","arabic1"
7,"علب الصفيح","فازة","arabic1"
7,"علب الصفيح","عمل كرسي","arabic1"
7,"علب الصفيح","إعادة تدوير","arabic1"
7,"علب الصفيح","أشكال هندسية","arabic1"
7,"علب الصفيح","الزينة","arabic1"
7,"علب الصفيح","بيت للحيوانات الأليفة","arabic1"
7,"علب الصفيح","شنطة","arabic1"
8,"علب الصفيح","صنع أقلام","arabic1"
8,"علب الصفيح","زجاجة مياه","arabic1"
8,"علب الصفيح","أطباق للأكل وحلة","arabic1"
8,"علب الصفيح","أدوات كالمقلمة","arabic1"
8,"علب الصفيح","سلك مواعين","arabic1"
8,"علب الصفيح","أسلاك كهرباء","arabic1"
8,"علب الصفيح","حنفيات مياه","arabic1"
8,"علب الصفيح","أجهزة كهربائية","arabic1"
8,"علب الصفيح","تصليح حاجات","arabic1"
9,"علب الصفيح","إعادة تدوير","arabic1"
9,"علب الصفيح","اللعب","arabic1"
9,"علب الصفيح","نضع فيها أشياء","arabic1"
9,"علب الصفيح","حافظة أقلام","arabic1"
9,"علب الصفيح","الزراعة","arabic1"
10,"علب الصفيح","علبة علي شكل مرجيحة","arabic1"
10,"علب الصفيح","تخزين الفاكهة","arabic1"
10,"علب الصفيح","عمل كرسي","arabic1"
10,"علب الصفيح","حصالة","arabic1"
11,"علب الصفيح","إعادة تدوير","arabic1"
11,"علب الصفيح","صنع أدوات كالمسامير","arabic1"
11,"علب الصفيح","حصالة","arabic1"
11,"علب الصفيح","علبة شاحن","arabic1"
11,"علب الصفيح","شاحن","arabic1"
12,"علب الصفيح","حافظة للمال","arabic1"
12,"علب الصفيح","علبة لمحتويات الدراسة","arabic1"
12,"علب الصفيح","الزينة","arabic1"
12,"علب الصفيح","سكين للبيتزا","arabic1"
12,"علب الصفيح","صنع خواتم","arabic1"
12,"علب الصفيح","براية أقلام","arabic1"
12,"علب الصفيح","صفيحة أسفل حلة الطعام","arabic1"
13,"علب الصفيح","إعادة تدوير","arabic1"
13,"علب الصفيح","صنع مشاريع","arabic1"
13,"علب الصفيح","تخزين الطعام","arabic1"
13,"علب الصفيح","بيوت للحيوانات","arabic1"
13,"علب الصفيح","إبتكار أشكال","arabic1"
13,"علب الصفيح","لعب للأطفال","arabic1"
13,"علب الصفيح","وسيلة توصيل","arabic1"
14,"علب الصفيح","صناعة أشكال","arabic1"
14,"علب الصفيح","سلاح للدفاع عن النفس","arabic1"
14,"علب الصفيح","ألعاب","arabic1"
14,"علب الصفيح","التخزين","arabic1"
14,"علب الصفيح","حصالة","arabic1"
14,"علب الصفيح","تقطيع الأشياء","arabic1"
14,"علب الصفيح","بدلة للحروب في القتال","arabic1"
15,"علب الصفيح","أشكال هندسية","arabic1"
15,"علب الصفيح","عمل أطباق","arabic1"
15,"علب الصفيح","يقدم فيها المأكولات","arabic1"
15,"علب الصفيح","عمل تمثال","arabic1"
15,"علب الصفيح","مشاريع توعية الأطفال","arabic1"
15,"علب الصفيح","بيوت للحيوانات","arabic1"
15,"علب الصفيح","عدم رميها في المخلفات","arabic1"
15,"علب الصفيح","عمل إنسان آلي","arabic1"
15,"علب الصفيح","إعادة تدوير السيارات","arabic1"
15,"علب الصفيح","العملات المعدنية","arabic1"
16,"علب الصفيح","مقلمة أقلام","arabic1"
16,"علب الصفيح","زهرية للورود","arabic1"
16,"علب الصفيح","التزين","arabic1"
16,"علب الصفيح","مجسم","arabic1"
16,"علب الصفيح","إعادة تدوير","arabic1"
16,"علب الصفيح","جذامة للأحذية","arabic1"
17,"علب الصفيح","عمل يدوي","arabic1"
17,"علب الصفيح","عمل الحاجات المعلقة","arabic1"
17,"علب الصفيح","عمل بيوت للطيور","arabic1"
17,"علب الصفيح","إعادة تدوير","arabic1"
17,"علب الصفيح","عمل الأثاث في المنزل كنجفة","arabic1"
17,"علب الصفيح","مصادرتها للأسواق مره أحري","arabic1"
17,"علب الصفيح","الوصول لمادة كيميائية  للحفاظ عليها","arabic1"
17,"علب الصفيح","الوصلات الكهربائية","arabic1"
17,"علب الصفيح","تخزين الطعام","arabic1"
17,"علب الصفيح","عمل مواسير للبيوت","arabic1"
17,"علب الصفيح","لوحة أثرية","arabic1"
17,"علب الصفيح","تساعد الأمهات في المطبخ","arabic1"
18,"علب الصفيح","تخزين المواد الغذائية","arabic1"
18,"علب الصفيح","حفظ المواد المعدنية","arabic1"
18,"علب الصفيح","إعادة تدوير","arabic1"
18,"علب الصفيح","التقطيع","arabic1"
18,"علب الصفيح","تخزين الأشياء","arabic1"
18,"علب الصفيح","حفظ الإكسسوارات","arabic1"
18,"علب الصفيح","تخزين الأموال","arabic1"
18,"علب الصفيح","صناعة العديد من الأشياء","arabic1"
18,"علب الصفيح","يضع بها الماء","arabic1"
18,"علب الصفيح","في أشياء المطبخ","arabic1"
20,"علب الصفيح","في جمع القمامات","arabic1"
20,"علب الصفيح","إعادة تدوير","arabic1"
20,"علب الصفيح","في جمع لعب الأطفال","arabic1"
20,"علب الصفيح","تخزين الطعام","arabic1"
20,"علب الصفيح","زرع أشجار فيها","arabic1"
20,"علب الصفيح","ديكور","arabic1"
20,"علب الصفيح","مقلمة","arabic1"
20,"علب الصفيح","حصالة","arabic1"
20,"علب الصفيح","تعبئة الجبنة","arabic1"
20,"علب الصفيح","وضع العسل فيها","arabic1"
20,"علب الصفيح","تعبئة المياة الغازية","arabic1"
21,"علب الصفيح","إعادة تدوير","arabic1"
21,"علب الصفيح","سلة قمامة","arabic1"
21,"علب الصفيح","إناء للزرع","arabic1"
21,"علب الصفيح","صندوق","arabic1"
21,"علب الصفيح","صناعة صفائح أخري","arabic1"
21,"علب الصفيح","أسوار مؤقتة","arabic1"
21,"علب الصفيح","طرق إبتكارية للكهرباء","arabic1"
21,"علب الصفيح","وضع المواد الغازية","arabic1"
21,"علب الصفيح","تخزين الماء","arabic1"
21,"علب الصفيح","تخزين الحبوب","arabic1"
23,"علب الصفيح","إستخدمها في المطبخ","arabic1"
23,"علب الصفيح","الزينة","arabic1"
23,"علب الصفيح","مقلمة","arabic1"
23,"علب الصفيح","عمل باب صفيح","arabic1"
23,"علب الصفيح","نجزأها ونضعه علي التلفاز","arabic1"
23,"علب الصفيح","التصليح","arabic1"
23,"علب الصفيح","أشكال أخري معدنية","arabic1"
23,"علب الصفيح","نضع بها بواقي الأشياء","arabic1"
23,"علب الصفيح","نضع بها أشياء ونوزعها علي الفقراء","arabic1"
23,"علب الصفيح","إناء لأكل الحيوانات والطيور","arabic1"
23,"علب الصفيح","تصليح الأشياء التالفة","arabic1"
23,"علب الصفيح","لعب للأطفال","arabic1"
23,"علب الصفيح","إستخدمها في منتجات العناية","arabic1"
24,"علب الصفيح","إعادة تدوير","arabic1"
24,"علب الصفيح","إناء للزراعة","arabic1"
24,"علب الصفيح","الزينة","arabic1"
24,"علب الصفيح","وضع أدوات الخياطة بها","arabic1"
24,"علب الصفيح","حافظة أقلام","arabic1"
24,"علب الصفيح","أشكال كمفاتيح أو زهور","arabic1"
24,"علب الصفيح","ساند للهاتف","arabic1"
25,"علب الصفيح","إعادة تدوير","arabic1"
25,"علب الصفيح","الزينة","arabic1"
25,"علب الصفيح","إناء للزراعة","arabic1"
25,"علب الصفيح","وضع الزهور فيها","arabic1"
25,"علب الصفيح","وضع الطعام فيها","arabic1"
25,"علب الصفيح","مقلمة","arabic1"
25,"علب الصفيح","ديكور","arabic1"
25,"علب الصفيح","يضع فيها الهاتف المحمول","arabic1"
26,"علب الصفيح","تخزين البقوليات","arabic1"
26,"علب الصفيح","حافظة للإكسسوارات","arabic1"
26,"علب الصفيح","وضع الشمع فيها","arabic1"
26,"علب الصفيح","مقلمة","arabic1"
26,"علب الصفيح","تحويلها لمصباح","arabic1"
26,"علب الصفيح","أناء للزراعة","arabic1"
26,"علب الصفيح","حامل للمعالق","arabic1"
26,"علب الصفيح","ألعاب للأطفال","arabic1"
26,"علب الصفيح","الزينة","arabic1"
26,"علب الصفيح","ديكور","arabic1"
26,"علب الصفيح","منظم لأدوات الحمام","arabic1"
26,"علب الصفيح","سلة مهملات","arabic1"
27,"علب الصفيح","إعادة تدوير","arabic1"
27,"علب الصفيح","صناعة علب هدايا","arabic1"
27,"علب الصفيح","مجسمات للأطفال","arabic1"
27,"علب الصفيح","صناديق القمامة","arabic1"
27,"علب الصفيح","ديكور المنزل","arabic1"
27,"علب الصفيح","حصالة","arabic1"
27,"علب الصفيح","أشكال منها شكل حروف لتعليم الاطفال","arabic1"
27,"علب الصفيح","إكسسوارات","arabic1"
27,"علب الصفيح","مقاعد","arabic1"
27,"علب الصفيح","تخزين الطعام","arabic1"
29,"علب الصفيح","الزينة","arabic1"
29,"علب الصفيح","إناء للزراعة","arabic1"
29,"علب الصفيح","إعادة تدوير","arabic1"
29,"علب الصفيح","منظم للأقلام","arabic1"
29,"علب الصفيح","تحويلها إلي مصباح","arabic1"
29,"علب الصفيح","إناء للزراعة","arabic1"
29,"علب الصفيح","سلة للقمامة","arabic1"
29,"علب الصفيح","صناعة منضدة","arabic1"
29,"علب الصفيح","إستخدمها لطهي الطعام","arabic1"
29,"علب الصفيح","مطفئة للحريق","arabic1"
31,"علب الصفيح","دولاب","arabic1"
31,"علب الصفيح","حصالة","arabic1"
31,"علب الصفيح","تخزين الطعام","arabic1"
31,"علب الصفيح","أسطوانات وأشكال","arabic1"
31,"علب الصفيح","صناعة الشمع","arabic1"
31,"علب الصفيح","قالب","arabic1"
31,"علب الصفيح","ديكور","arabic1"
31,"علب الصفيح","كرسي أو منضدة","arabic1"
31,"علب الصفيح","يعرض عليها الخرائط","arabic1"
31,"علب الصفيح","إستخدامها كسبورة","arabic1"
31,"علب الصفيح","ساعة حائط","arabic1"
31,"علب الصفيح","شباك","arabic1"
31,"علب الصفيح","مرايا","arabic1"
31,"علب الصفيح","أداة حادة أو سكينة","arabic1"
31,"علب الصفيح","مروحة","arabic1"
31,"علب الصفيح","الزينة","arabic1"
31,"علب الصفيح","أدوات في المطبخ","arabic1"
31,"علب الصفيح","حامل للأدوات","arabic1"
31,"علب الصفيح","رف للكتب","arabic1"
31,"علب الصفيح","أباجورة","arabic1"
32,"علب الصفيح","تخزين الطعام","arabic1"
32,"علب الصفيح","إعادة تدوير","arabic1"
32,"علب الصفيح","الزينة","arabic1"
32,"علب الصفيح","إناء للزراعة","arabic1"
32,"علب الصفيح","لعب الأطفال","arabic1"
32,"علب الصفيح","تدخل في صناعة السيارات","arabic1"
32,"علب الصفيح","ديكور","arabic1"
32,"علب الصفيح","حوض للأسماك","arabic1"
33,"علب الصفيح","عمل منها شموع","arabic1"
33,"علب الصفيح","مقلمة","arabic1"
33,"علب الصفيح","منظم لأدوات  المطبخ","arabic1"
33,"علب الصفيح","مسجل أغاني مثل الكاسيت","arabic1"
33,"علب الصفيح","ديكور","arabic1"
33,"علب الصفيح","حافظة","arabic1"
33,"علب الصفيح","لعب للأطفال","arabic1"
33,"علب الصفيح","تشكيلها لحروف","arabic1"
33,"علب الصفيح","إناء للزراعة","arabic1"
34,"علب الصفيح","مقلمة","arabic1"
34,"علب الصفيح","علبة للأقلام","arabic1"
34,"علب الصفيح","إناء للحيوانات والطيور","arabic1"
34,"علب الصفيح","إعادة تدوير","arabic1"
34,"علب الصفيح","علبة هدايا","arabic1"
34,"علب الصفيح","تستخدم في المطبخ","arabic1"
34,"علب الصفيح","ألعاب","arabic1"
34,"علب الصفيح","توصيل الكهرباء","arabic1"
34,"علب الصفيح","إناء للزراعة","arabic1"
35,"علب الصفيح","إعادة تدوير","arabic1"
35,"علب الصفيح","عمل أدوات دراسية","arabic1"
35,"علب الصفيح","ديكور","arabic1"
35,"علب الصفيح","حصالة","arabic1"
35,"علب الصفيح","أشكال مختلفة","arabic1"
35,"علب الصفيح","تعبئة بعض المنتجات الغذائية","arabic1"
35,"علب الصفيح","كأحد مواد صناعة الحديد","arabic1"
35,"علب الصفيح","أدوات المنزل","arabic1"
35,"علب الصفيح","ألعاب للأطفال","arabic1"
35,"علب الصفيح","للتصدير للخارج","arabic1"
35,"علب الصفيح","إناء للزراعة","arabic1"
38,"علب الصفيح","إعادة تدوير","arabic1"
38,"علب الصفيح","حفظ المواد المختلفة","arabic1"
38,"علب الصفيح","الزينة","arabic1"
38,"علب الصفيح","وضع الشمعة فيها للإنارة","arabic1"
38,"علب الصفيح","مقلمة أقلام","arabic1"
38,"علب الصفيح","لعب الأطفال","arabic1"
38,"علب الصفيح","حفظ الطعام","arabic1"
40,"علب الصفيح","وضع بها نوع من الكريمات","arabic1"
40,"علب الصفيح","عمل الطعام","arabic1"
40,"علب الصفيح","استخدامها للجلوس","arabic1"
40,"علب الصفيح","في التنظيف","arabic1"
40,"علب الصفيح","إناء للزراعة","arabic1"
40,"علب الصفيح","الزينة","arabic1"
40,"علب الصفيح","تخزين القمح","arabic1"
40,"علب الصفيح","تزين الحائط","arabic1"
40,"علب الصفيح","حمل الأشياء","arabic1"
40,"علب الصفيح","أشكال تفرح الاطفال","arabic1"
40,"علب الصفيح","عمل كرة سلة","arabic1"
40,"علب الصفيح","أداة لعمل الطعام","arabic1"
40,"علب الصفيح","حافظة للأشياء","arabic1"
40,"علب الصفيح","غرفة ملاهي للأطفال","arabic1"
40,"علب الصفيح","تخزين الاشياء","arabic1"
41,"علب الصفيح","إعادة تدوير","arabic1"
41,"علب الصفيح","صندوق تبرعات","arabic1"
41,"علب الصفيح","الزينة","arabic1"
41,"علب الصفيح","أداة لمصباح","arabic1"
41,"علب الصفيح","شمعة بداخلها للإضاءة","arabic1"
41,"علب الصفيح","حافظة سكاكين أو ملاعق","arabic1"
41,"علب الصفيح","مقلاة أو شواية","arabic1"
41,"علب الصفيح","لعب للأطفال","arabic1"
41,"علب الصفيح","أداة تقطيع","arabic1"
41,"علب الصفيح","حافظة أدوات","arabic1"
42,"علب الصفيح","صندوق هدايا","arabic1"
42,"علب الصفيح","إعادة تدوير","arabic1"
42,"علب الصفيح","طرق للتعليم الاطفال بعض الاشياء","arabic1"
42,"علب الصفيح","تكوين مربعات وأشياء","arabic1"
42,"علب الصفيح","الاستخدامات المنزلية","arabic1"
42,"علب الصفيح","استخدامها في بعض المصانع","arabic1"
42,"علب الصفيح","حافظة  للأشياء","arabic1"
42,"علب الصفيح","عمل الأطعمة","arabic1"
42,"علب الصفيح","مقلمة","arabic1"
42,"علب الصفيح","في الشارع","arabic1"
42,"علب الصفيح","الزينة","arabic1"
42,"علب الصفيح","مكعبات للأطفال","arabic1"
42,"علب الصفيح","عمل شنطة","arabic1"
43,"علب الصفيح","أشياء جميلة","arabic1"
43,"علب الصفيح","لعب للأطفال","arabic1"
43,"علب الصفيح","سلة قمامة","arabic1"
43,"علب الصفيح","مقلمة","arabic1"
43,"علب الصفيح","إناء لطعام الحيوانات","arabic1"
43,"علب الصفيح","في الشوارع لإلقاء المخلفات","arabic1"
43,"علب الصفيح","نضع بها الكتب","arabic1"
43,"علب الصفيح","الزينة","arabic1"
43,"علب الصفيح","ألعاب للأطفال","arabic1"
43,"علب الصفيح","إناء للزراعة","arabic1"
43,"علب الصفيح","نضع فيها مياة","arabic1"
44,"علب الصفيح","بيوت صغيرة للأطفال","arabic1"
44,"علب الصفيح","حمع المواد","arabic1"
44,"علب الصفيح","صناعة آلات حادة","arabic1"
44,"علب الصفيح","أشكال","arabic1"
44,"علب الصفيح","ألعاب","arabic1"
44,"علب الصفيح","حافظة أشياء","arabic1"
44,"علب الصفيح","حصالة","arabic1"
44,"علب الصفيح","الزينة","arabic1"
45,"علب الصفيح","إعادة تدوير","arabic1"
45,"علب الصفيح","إعادة بيعها","arabic1"
45,"علب الصفيح","أشكال","arabic1"
45,"علب الصفيح","سبائك الفضة","arabic1"
45,"علب الصفيح","لعب الأطفال","arabic1"
45,"علب الصفيح","صناعة الإكسسوارات","arabic1"
45,"علب الصفيح","ضوضاء","arabic1"
45,"علب الصفيح","في صناعة السيارات","arabic1"
45,"علب الصفيح","صناعة أرفف","arabic1"
45,"علب الصفيح","صناعة الصفائح الكبيرة","arabic1"
45,"علب الصفيح","صناعة المفاتيح","arabic1"
45,"علب الصفيح","صناعة الميداليات","arabic1"
45,"علب الصفيح","حماية الأشياء","arabic1"
45,"علب الصفيح","أيدي صفيح للأشياء","arabic1"
45,"علب الصفيح","عقارب الساعات","arabic1"
45,"علب الصفيح","كقابض","arabic1"
45,"علب الصفيح","بديلة لأدوات التنبية","arabic1"
45,"علب الصفيح","في صناعة مطفئة الحريق","arabic1"
45,"علب الصفيح","صناعة الموسير","arabic1"
45,"علب الصفيح","أدراج صفيح","arabic1"
45,"علب الصفيح","الزينة","arabic1"
45,"علب الصفيح","تستخدم كقالب","arabic1"
45,"علب الصفيح","بقايا أشياء","arabic1"
50,"علب الصفيح","تخزين البقوليات","arabic1"
50,"علب الصفيح","في مكونات المطبخ","arabic1"
50,"علب الصفيح","حفظ أدوات الخياطة","arabic1"
50,"علب الصفيح","حامل معالق في المطبخ","arabic1"
50,"علب الصفيح","حافظة إكسسوارات","arabic1"
50,"علب الصفيح","تجميع مكعباب الاطفال","arabic1"
50,"علب الصفيح","حصالة","arabic1"
50,"علب الصفيح","الزينة","arabic1"
50,"علب الصفيح","وضع فيها الشموع","arabic1"
50,"علب الصفيح","الزراعة","arabic1"
50,"علب الصفيح","مصباح إضاءة","arabic1"
50,"علب الصفيح","مقلمة","arabic1"
50,"علب الصفيح","ادوات المطبخ","arabic1"
50,"علب الصفيح","حصالة نقود","arabic1"
50,"علب الصفيح","أدوات المدرسة","arabic1"
51,"علب الصفيح","حصالة","arabic1"
51,"علب الصفيح","إعادة تدوير","arabic1"
51,"علب الصفيح","تخزين السمن أو الزيت","arabic1"
51,"علب الصفيح","مقلمة","arabic1"
51,"علب الصفيح","أدوات المطبخ","arabic1"
51,"علب الصفيح","أدوات المهام","arabic1"
51,"علب الصفيح","الزينة","arabic1"
51,"علب الصفيح","إكسسوارات","arabic1"
51,"علب الصفيح","تجميع مكعبات الأطفال","arabic1"
51,"علب الصفيح","تخزين الفول والبقوليات","arabic1"
51,"علب الصفيح","حامل للمعالق في المطبخ","arabic1"
51,"علب الصفيح","وضع بها الشموع","arabic1"
51,"علب الصفيح","إناء للزراعة","arabic1"
52,"علب الصفيح","ألواح لتغطية الأسطح","arabic1"
52,"علب الصفيح","حفظ الأطعمة","arabic1"
52,"علب الصفيح","صناعة قطع السيارات","arabic1"
52,"علب الصفيح","أشكال إبداعية","arabic1"
52,"علب الصفيح","أثاث مثل كرسي أو منضدة","arabic1"
52,"علب الصفيح","حفظ المعلبات مثل الألبان","arabic1"
52,"علب الصفيح","ديكور","arabic1"
52,"علب الصفيح","في المطبخ","arabic1"
52,"علب الصفيح","في المشروبات بدلا من الأكواب","arabic1"
52,"علب الصفيح","تحف فنية","arabic1"
52,"علب الصفيح","شكل حذاء بدل من الجلد","arabic1"
52,"علب الصفيح","أطباق  المطبخ","arabic1"
52,"علب الصفيح","ديكور الحمام","arabic1"
54,"علب الصفيح","طبق طائر","arabic1"
54,"علب الصفيح","حصالة","arabic1"
54,"علب الصفيح","صناعة سلم","arabic1"
54,"علب الصفيح","سلة مهملات","arabic1"
54,"علب الصفيح","ألعاب الأطفال","arabic1"
54,"علب الصفيح","الزينة","arabic1"
54,"علب الصفيح","أرجوحة","arabic1"
54,"علب الصفيح","أباجورة","arabic1"
54,"علب الصفيح","حقيبة","arabic1"
56,"علب الصفيح","مقلمة","arabic1"
56,"علب الصفيح","تخزين الأشياء","arabic1"
56,"علب الصفيح","وضع الإسعافات الأولية بها","arabic1"
56,"علب الصفيح","إناء للزراعة","arabic1"
56,"علب الصفيح","حصالة","arabic1"
56,"علب الصفيح","الزينة","arabic1"
56,"علب الصفيح","أداة تقطيع","arabic1"
56,"علب الصفيح","بيت للحيوانات","arabic1"
56,"علب الصفيح","مزهرية","arabic1"
56,"علب الصفيح","في الحمام لوضع الفرشة  والمعجون","arabic1"
56,"علب الصفيح","تخزين البهارات في المطبخ","arabic1"
56,"علب الصفيح","تسخين المياة","arabic1"
56,"علب الصفيح","صناعة بعض الإكسسوارات","arabic1"
56,"علب الصفيح","تخزين الطعام","arabic1"
56,"علب الصفيح","صنلعة بعض الأواني","arabic1"
56,"علب الصفيح","حامل للأدوات في المطبخ","arabic1"
56,"علب الصفيح","جراب الموبايل","arabic1"
58,"علب الصفيح","إعادة تدوير","arabic1"
58,"علب الصفيح","صناديق القمامة","arabic1"
58,"علب الصفيح","إناء للزراعة","arabic1"
58,"علب الصفيح","صناعة غطاء","arabic1"
58,"علب الصفيح","إناء للحيوانات والطيور","arabic1"
58,"علب الصفيح","رمي المخلفات بها","arabic1"
58,"علب الصفيح","مراوح لطاقة الرياح","arabic1"
58,"علب الصفيح","صنع غطاء للمواسير","arabic1"
60,"علب الصفيح","سلة مهملات","arabic1"
60,"علب الصفيح","مقلمة","arabic1"
60,"علب الصفيح","الزينة","arabic1"
60,"علب الصفيح","كجهاز أو مسجل","arabic1"
60,"علب الصفيح","حصالة","arabic1"
62,"علب الصفيح","إعادة تدوير","arabic1"
62,"علب الصفيح","إعادة بيعها","arabic1"
62,"علب الصفيح","إناء للزراعة","arabic1"
62,"علب الصفيح","حصالة","arabic1"
62,"علب الصفيح","سلة قمامة","arabic1"
62,"علب الصفيح","طرق إبتكارية للكهرباء","arabic1"
62,"علب الصفيح","مقلمة","arabic1"
62,"علب الصفيح","تخزين وحفظ الطعام","arabic1"
63,"علب الصفيح","إعادة تدوير","arabic1"
63,"علب الصفيح","عمل البلاستك","arabic1"
63,"علب الصفيح","صنع مواد  النظافة","arabic1"
63,"علب الصفيح","أشكال  مختلفة","arabic1"
63,"علب الصفيح","عمل مشروع مدرسي","arabic1"
63,"علب الصفيح","صناعة أدوات المدرسة","arabic1"
63,"علب الصفيح","الزينة","arabic1"
63,"علب الصفيح","فازة أو مزهرية","arabic1"
63,"علب الصفيح","ألعاب الأطفال","arabic1"
63,"علب الصفيح","تعبئة المنتجات","arabic1"
63,"علب الصفيح","صناعة الأجهزة كالتلفاز","arabic1"
63,"علب الصفيح","صناعة اللوحات","arabic1"
63,"علب الصفيح","صناعة الزجاج","arabic1"
64,"علب الصفيح","مقلمة","arabic1"
64,"علب الصفيح","حصالة","arabic1"
64,"علب الصفيح","سلة قمامة","arabic1"
64,"علب الصفيح","إناء للزراعة","arabic1"
64,"علب الصفيح","تخزين الأشياء","arabic1"
64,"علب الصفيح","اللعب","arabic1"
64,"علب الصفيح","عمل مجسمات","arabic1"
64,"علب الصفيح","حفظ الطعام","arabic1"
64,"علب الصفيح","حفظ أشياء المدرسة","arabic1"
64,"علب الصفيح","ألعاب الأطفال","arabic1"
64,"علب الصفيح","عمل مكتب","arabic1"
65,"علب الصفيح","صندوق تبرعات","arabic1"
65,"علب الصفيح","إعادة تدوير","arabic1"
65,"علب الصفيح","مصباح ووضع شمعة بها","arabic1"
65,"علب الصفيح","سكين","arabic1"
65,"علب الصفيح","شواية","arabic1"
65,"علب الصفيح","ألعاب الأطفال","arabic1"
65,"علب الصفيح","مقلمة","arabic1"
65,"علب الصفيح","حافظة للأدوات","arabic1"
66,"علب الصفيح","إعادة تدوير","arabic1"
66,"علب الصفيح","أدوات للطعام","arabic1"
66,"علب الصفيح","إناء لطعام للحيوانات والطيور","arabic1"
66,"علب الصفيح","إناء ماء للعصافير","arabic1"
66,"علب الصفيح","تخزين وحفظ الطعام","arabic1"
66,"علب الصفيح","العب الأطفال","arabic1"
66,"علب الصفيح","في ورشات الميكانيكا","arabic1"
66,"علب الصفيح","إناء لطعام القطط في الشارع","arabic1"
66,"علب الصفيح","حفظ البن والزيت","arabic1"
66,"علب الصفيح","حوض أسماك","arabic1"
67,"علب الصفيح","علب الكانز","arabic1"
67,"علب الصفيح","إطارات السيارات","arabic1"
67,"علب الصفيح","أكواب الشاي","arabic1"
67,"علب الصفيح","إعادة تدوير","arabic1"
67,"علب الصفيح","أواني المنازل","arabic1"
67,"علب الصفيح","أشياء عديدة","arabic1"
67,"علب الصفيح","مطفئة حريق","arabic1"
67,"علب الصفيح","ألعاب الأطفال","arabic1"
67,"علب الصفيح","تخزين الطعام","arabic1"
67,"علب الصفيح","صناعة الثلاجات","arabic1"
67,"علب الصفيح","كرسي","arabic1"
67,"علب الصفيح","صناعة الأعمدة","arabic1"
67,"علب الصفيح","المزخرفات والصور","arabic1"
67,"علب الصفيح","إعادة تدوير","arabic1"
67,"علب الصفيح","قناع للوقاية من الحريق","arabic1"
68,"علب الصفيح","حصالة أموال","arabic1"
68,"علب الصفيح","الزينة","arabic1"
68,"علب الصفيح","مقلمة","arabic1"
68,"علب الصفيح","حفظ الطعام","arabic1"
68,"علب الصفيح","عمل اللانش بوكس","arabic1"
68,"علب الصفيح","صندوق لحفظ الاوراق","arabic1"
68,"علب الصفيح","مقاعد للجلوس","arabic1"
68,"علب الصفيح","منظم للأحذية","arabic1"
68,"علب الصفيح","إناء للزراعة","arabic1"
68,"علب الصفيح","حفظ الأدوية","arabic1"
68,"علب الصفيح","حفظ المواد الكيميائية","arabic1"
68,"علب الصفيح","أبجورة","arabic1"
68,"علب الصفيح","سقف لبعض الأسطح","arabic1"
68,"علب الصفيح","عمل الشبابيك","arabic1"
68,"علب الصفيح","نقل الحيوانات صغيرة الحجم","arabic1"
69,"علب الصفيح","حصالة أموال","arabic1"
69,"علب الصفيح","في تربية الحيوانات والطيور","arabic1"
69,"علب الصفيح","إناء للزراعة","arabic1"
69,"علب الصفيح","إعادة تدوير","arabic1"
69,"علب الصفيح","أشكال","arabic1"
69,"علب الصفيح","عمل سدود في الأنهار بدلامن الأحجار","arabic1"
69,"علب الصفيح","سلة قمامة","arabic1"
71,"علب الصفيح","جمع  العلب وإرسالها لمصانع متخصصة","arabic1"
71,"علب الصفيح","ألعاب الأطفال","arabic1"
71,"علب الصفيح","إعادة تدوير","arabic1"
71,"علب الصفيح","صناعة الأطباق والشوك","arabic1"
71,"علب الصفيح","صناعة الأبواب","arabic1"
71,"علب الصفيح","مزهرية","arabic1"
71,"علب الصفيح","أدوات عملية","arabic1"
71,"علب الصفيح","صناعة  الأطباق","arabic1"
71,"علب الصفيح","تخزين البقوليات","arabic1"
71,"علب الصفيح","الزينة","arabic1"
71,"علب الصفيح","حفظ الدبابيس","arabic1"
72,"علب الصفيح","مزهرية","arabic1"
72,"علب الصفيح","مقلمة","arabic1"
72,"علب الصفيح","إعادة تدوير","arabic1"
72,"علب الصفيح","إناء لطعام الحيوانات","arabic1"
72,"علب الصفيح","سلة مهملات","arabic1"
72,"علب الصفيح","عش للطيور","arabic1"
72,"علب الصفيح","منازل للحيوانات المشردة","arabic1"
72,"علب الصفيح","حافظة مصباح","arabic1"
73,"علب الصفيح","حصالة أموال","arabic1"
73,"علب الصفيح","كرسي وطاولات","arabic1"
73,"علب الصفيح","شبكة صيد للسمك","arabic1"
73,"علب الصفيح","حامل أقلام","arabic1"
73,"علب الصفيح","حامل للهاتف","arabic1"
73,"علب الصفيح","سلة قمامة","arabic1"
73,"علب الصفيح","إكسسوارات","arabic1"
73,"علب الصفيح","مكبر صوت","arabic1"
73,"علب الصفيح","حافظة للمواد الغذائية","arabic1"
74,"علب الصفيح","تخزين البقوليات","arabic1"
74,"علب الصفيح","حفظ أدوات الخياطة","arabic1"
74,"علب الصفيح","حفظ الإكسسوارات","arabic1"
74,"علب الصفيح","تجميع ألعاب الأطفال","arabic1"
74,"علب الصفيح","حصالة أموال","arabic1"
74,"علب الصفيح","وضع بها الشموع","arabic1"
74,"علب الصفيح","إناء للزراعة","arabic1"
75,"علب الصفيح","أشكال مختلفة","arabic1"
75,"علب الصفيح","مقابض باب أو شباك","arabic1"
75,"علب الصفيح","عمل حائط صناعي","arabic1"
75,"علب الصفيح","تكوين داخلي للعبة ما","arabic1"
75,"علب الصفيح","الكراسي والترابيزات","arabic1"
75,"علب الصفيح","الزينة","arabic1"
75,"علب الصفيح","صناعة الإكسسوارات","arabic1"
75,"علب الصفيح","صناعة الساعات","arabic1"
75,"علب الصفيح","أشكال مصابيح","arabic1"
75,"علب الصفيح","سقف الفرفة","arabic1"
75,"علب الصفيح","مواسير لحفظ أسلاك الكهرباء","arabic1"
75,"علب الصفيح","إطار نظارة","arabic1"
76,"علب الصفيح","نضع بها الأشياء المهمة","arabic1"
76,"علب الصفيح","حصالة","arabic1"
76,"علب الصفيح","وضع الأشياء التي لم نستخدمها","arabic1"
76,"علب الصفيح","حافظة للطعام","arabic1"
76,"علب الصفيح","مزهرية","arabic1"
76,"علب الصفيح","الزينة","arabic1"
76,"علب الصفيح","وضع بها أشياء منزلية","arabic1"
76,"علب الصفيح","مقلمة","arabic1"
76,"علب الصفيح","سلة قمامة","arabic1"
76,"علب الصفيح","حماية الأشياء","arabic1"
77,"علب الصفيح","حصالة أموال","arabic1"
77,"علب الصفيح","إناء للزراعة","arabic1"
77,"علب الصفيح","مقلمة","arabic1"
77,"علب الصفيح","إناء لطعام الطيور","arabic1"
77,"علب الصفيح","تجميع ألعاب الأطفال بها","arabic1"
77,"علب الصفيح","حفظ الاوراق المهمة","arabic1"
77,"علب الصفيح","إعادة تدوير","arabic1"
77,"علب الصفيح","وضع بها التوابل","arabic1"
77,"علب الصفيح","إكسسوارات","arabic1"
77,"علب الصفيح","التخزين","arabic1"
77,"علب الصفيح","سلة قمامة","arabic1"
79,"علب الصفيح","موقد صغير","arabic1"
79,"علب الصفيح","الزينة","arabic1"
79,"علب الصفيح","بناء للأطفال","arabic1"
79,"علب الصفيح","أنابيب صفيح","arabic1"
79,"علب الصفيح","أوعية","arabic1"
79,"علب الصفيح","حاملات للكؤوس","arabic1"
79,"علب الصفيح","مقلمة معدنية","arabic1"
79,"علب الصفيح","تخزين المياة","arabic1"
79,"علب الصفيح","صناعة السيارات","arabic1"
79,"علب الصفيح","صناعة الحلي","arabic1"
79,"علب الصفيح","تشكيلها علي شكل حيوانات","arabic1"
79,"علب الصفيح","منازل مؤقتة","arabic1"
79,"علب الصفيح","حاملات للمواد الكيميائية","arabic1"
79,"علب الصفيح","الوقاية في مناطق العمل الخطيرة","arabic1"
79,"علب الصفيح","تشكيل الخامات","arabic1"
79,"علب الصفيح","رسم مربع أو دائرة","arabic1"
79,"علب الصفيح","ثقل لتثبيت الأوراق","arabic1"
79,"علب الصفيح","حافظ للأدوات الكبيرة","arabic1"
80,"علب الصفيح","مقلمة","arabic1"
80,"علب الصفيح","وضع أشياء قديمة لم نعد نستخدمها","arabic1"
80,"علب الصفيح","سلة مهملات","arabic1"
80,"علب الصفيح","وضع أالإكسسوارات الصغيرة","arabic1"
80,"علب الصفيح","وضع الكتب بها","arabic1"
80,"علب الصفيح","حصالة","arabic1"
80,"علب الصفيح","حافظة أقلام السبورة","arabic1"
80,"علب الصفيح","صندوق في العجلة","arabic1"
80,"علب الصفيح","وضعها علي لمبات الشارع وقت المطر","arabic1"
81,"علب الصفيح","في الأدوات المنزلية مثل التخزين","arabic1"
81,"علب الصفيح","توصيل الكهرباء","arabic1"
81,"علب الصفيح","حاويات قمامة","arabic1"
81,"علب الصفيح","حفظ الإكسسوارات","arabic1"
81,"علب الصفيح","حافظات الطعام","arabic1"
81,"علب الصفيح","في الطهي","arabic1"
81,"علب الصفيح","عمل  بها طاولات","arabic1"
81,"علب الصفيح","عمل بها ألعاب لتسلية الصغار","arabic1"
81,"علب الصفيح","نغطي بها أعمدة الإنارة في الشتاء","arabic1"
81,"علب الصفيح","أدوات لتسهيل الدراسة","arabic1"
82,"علب الصفيح","الحصول علي طاقة  كالواح الطاقة الشمسية","arabic1"
82,"علب الصفيح","إعادة تدوير","arabic1"
82,"علب الصفيح","إناء للزراعة","arabic1"
83,"علب الصفيح","إعادة تدوير","arabic1"
83,"علب الصفيح","الزينة","arabic1"
83,"علب الصفيح","ألعاب الأطفال","arabic1"
83,"علب الصفيح","مقلمة","arabic1"
83,"علب الصفيح","حفظ الأطعمة","arabic1"
84,"علب الصفيح","تخزين الطعام","arabic1"
84,"علب الصفيح","الزينة","arabic1"
84,"علب الصفيح","إناء للزراعة","arabic1"
84,"علب الصفيح","أداة حادة","arabic1"
84,"علب الصفيح","عمل مكتبة","arabic1"
84,"علب الصفيح","أشكال هندسية","arabic1"
84,"علب الصفيح","تخزين المياة","arabic1"
84,"علب الصفيح","كشماعة للطرح","arabic1"
84,"علب الصفيح","استخدامة كمادة خام في الصناعة","arabic1"
84,"علب الصفيح","وصع الأخشاب فيها للتدفئة","arabic1"
84,"علب الصفيح","صناعة جاروف","arabic1"
84,"علب الصفيح","أسقف المنازل","arabic1"
84,"علب الصفيح","عمل نجفة","arabic1"
84,"علب الصفيح","سلة مهملات","arabic1"
84,"علب الصفيح","سلة لكرة السلة","arabic1"
84,"علب الصفيح","مقلمة","arabic1"
84,"علب الصفيح","في الطهي في الصحاري","arabic1"
84,"علب الصفيح","كرقع للسيارات أو الأماكن المنفذة للماء","arabic1"
85,"علب الصفيح","كنموذج توضيحي لأي شئ","arabic1"
85,"علب الصفيح","حصالة","arabic1"
85,"علب الصفيح","الزينة","arabic1"
85,"علب الصفيح","أكواب للشرب","arabic1"
85,"علب الصفيح","علبة هدايا","arabic1"
85,"علب الصفيح","نضع فيها فرش الأسنان","arabic1"
85,"علب الصفيح","عمل إكسسوارات","arabic1"
85,"علب الصفيح","إناء للزراعة","arabic1"
85,"علب الصفيح","أشكال وتزين بها الجدران","arabic1"
86,"علب الصفيح","نضع بها أدوات الكتابة","arabic1"
86,"علب الصفيح","نضع عليها الأكواب","arabic1"
86,"علب الصفيح","نضع بها المحمول لشحنة","arabic1"
86,"علب الصفيح","كرسي للجلوس عليه","arabic1"
86,"علب الصفيح","أشكال ألعاب","arabic1"
86,"علب الصفيح","عمل باب","arabic1"
87,"علب الصفيح","ألعاب للأطفال","arabic1"
87,"علب الصفيح","حفظ الطعام","arabic1"
87,"علب الصفيح","ديكور","arabic1"
87,"علب الصفيح","شمعدان للشمع","arabic1"
88,"علب الصفيح","كمكعبات","arabic1"
88,"علب الصفيح","كحاجز","arabic1"
88,"علب الصفيح","الزينة","arabic1"
88,"علب الصفيح","صندوق ألعاب","arabic1"
88,"علب الصفيح","صندوق للمجوهرات","arabic1"
88,"علب الصفيح","كمرمي في لعبة كرة القدم","arabic1"
88,"علب الصفيح","مقلمة للأقلام","arabic1"
88,"علب الصفيح","كقبعة للرأس","arabic1"
88,"علب الصفيح","عمل درع مثل المحاربين القدماء","arabic1"
88,"علب الصفيح","إناء للزراعة","arabic1"
88,"علب الصفيح","صناعة لعبة تشبة الإنسان الآلي","arabic1"
88,"علب الصفيح","كعربة لوضع الأطفال فيها","arabic1"
89,"علب الصفيح","سلة قمامة","arabic1"
89,"علب الصفيح","إناء للزراعة","arabic1"
89,"علب الصفيح","مقلمة","arabic1"
89,"علب الصفيح","وضع بها الأشياء  لم نعد نستخدمها","arabic1"
89,"علب الصفيح","كأكواب للشرب","arabic1"
89,"علب الصفيح","إعادة تدوير","arabic1"
89,"علب الصفيح","الزينة","arabic1"
90,"علب الصفيح","كحامل للأدوات مثل الأقلام والمعالق","arabic1"
90,"علب الصفيح","سلة مهملات","arabic1"
90,"علب الصفيح","ديكور","arabic1"
90,"علب الصفيح","نضع الهاتف المحمول بها أثناء الشحن","arabic1"
90,"علب الصفيح","إناء للزراعة","arabic1"
90,"علب الصفيح","وضع الأدوية بها","arabic1"
90,"علب الصفيح","نضع عليها أشياء مثل منضدة","arabic1"
91,"علب الصفيح","حصالة","arabic1"
91,"علب الصفيح","حافظة أقلام","arabic1"
91,"علب الصفيح","الأعمال اليدوية مثل الكروشية","arabic1"
91,"علب الصفيح","صناعة  كرسي","arabic1"
91,"علب الصفيح","صناعة حافظة أوعلبة","arabic1"
91,"علب الصفيح","حفظ أدوات التجميل","arabic1"
91,"علب الصفيح","لعبة للأطفال","arabic1"
91,"علب الصفيح","إناء للزراعة","arabic1"
91,"علب الصفيح","شماعة طرح","arabic1"
92,"علب الصفيح","التخزين","arabic1"
92,"علب الصفيح","إناء للزراعة","arabic1"
92,"علب الصفيح","علب تقسيم الملابس","arabic1"
92,"علب الصفيح","علبة إكسسوارات","arabic1"
92,"علب الصفيح","بيت للقطط","arabic1"
92,"علب الصفيح","إشارات تدل علي الطريق","arabic1"
92,"علب الصفيح","منظم أحذية","arabic1"
92,"علب الصفيح","رمي الأشياء الغير مهمة","arabic1"
92,"علب الصفيح","سلة نفايات","arabic1"
92,"علب الصفيح","ألعاب","arabic1"
92,"علب الصفيح","وضعها كحاجز عدم تجاوز المنطقة الخطيرة","arabic1"
92,"علب الصفيح","صناعة معدنية","arabic1"
93,"علب الصفيح","إعادة تدوير","arabic1"
93,"علب الصفيح","سلة قمامة","arabic1"
93,"علب الصفيح","الزينة والديكور","arabic1"
93,"علب الصفيح","إستخدامها كمقاعد","arabic1"
93,"علب الصفيح","ألعاب اللأطفال","arabic1"
93,"علب الصفيح","إناء للزراعة","arabic1"
94,"علب الصفيح","إناء للزراعة","arabic1"
94,"علب الصفيح","حامل أقلام علي المكتب","arabic1"
94,"علب الصفيح","بيوت للطيور الصغيرة","arabic1"
94,"علب الصفيح","حصالة أموال","arabic1"
94,"علب الصفيح","الزينة","arabic1"
94,"علب الصفيح","صناديق قمامة","arabic1"
94,"علب الصفيح","تنظيم الأدوات بها","arabic1"
94,"علب الصفيح","حامل شنط وملابس","arabic1"
95,"علب الصفيح","مقلمة","arabic1"
95,"علب الصفيح","علبة نضع بها فرش الأسنان","arabic1"
95,"علب الصفيح","إستخدامها كطفاية سجائر","arabic1"
95,"علب الصفيح","مزهرية للورود","arabic1"
95,"علب الصفيح","علبة يضع بها العطارة","arabic1"
95,"علب الصفيح","حصالة","arabic1"
95,"علب الصفيح","سكين أو أداة حادة","arabic1"
95,"علب الصفيح","إستخدامها كمنشار","arabic1"
95,"علب الصفيح","إستخدامها في الأدوات الفزيائية في فصل الكهرباء","arabic1"
95,"علب الصفيح","كموصل للحارارة والكهرباء","arabic1"
95,"علب الصفيح","إستخدامها كمرآة","arabic1"
95,"علب الصفيح","حائل لإستقبال وتجميع الضوء","arabic1"
95,"علب الصفيح","في أعمال النحت والتماثيل","arabic1"
95,"علب الصفيح","الرسم","arabic1"
95,"علب الصفيح","مقبض يدوي للموتور","arabic1"
95,"علب الصفيح","عمل رجل كرسي","arabic1"
95,"علب الصفيح","غطاء لكاميرات المراقبة","arabic1"
95,"علب الصفيح","ألعاب الأطفال","arabic1"
96,"علب الصفيح","حصالة أموال","arabic1"
96,"علب الصفيح","ألعاب الأطفال","arabic1"
96,"علب الصفيح","مقلممة أقلام","arabic1"
96,"علب الصفيح","فازة ورد","arabic1"
96,"علب الصفيح","صندوق قمامة","arabic1"
96,"علب الصفيح","ديكور","arabic1"
96,"علب الصفيح","تخزين المواد في المنزل","arabic1"
96,"علب الصفيح","حفظ أدوات الحياكة","arabic1"
97,"علب الصفيح","ديكور","arabic1"
97,"علب الصفيح","إعادة تدوير","arabic1"
97,"علب الصفيح","للأطفال لمنع أذيتهم إذا كسرت","arabic1"
97,"علب الصفيح","حوض للأسماك","arabic1"
97,"علب الصفيح","صنع وعاء للسمك","arabic1"
97,"علب الصفيح","بيت للحيوانات","arabic1"
97,"علب الصفيح","إناء للزراعة","arabic1"
97,"علب الصفيح","نكبر المحتوي الداخلي بجمعهم سويا بالإلتحام","arabic1"
97,"علب الصفيح","سلة قمامة","arabic1"
97,"علب الصفيح","لوحة تحتوي علي البهجة","arabic1"
99,"علب الصفيح","إعادة تدوير","arabic1"
99,"علب الصفيح","وضع بعض الأشياء بها","arabic1"
99,"علب الصفيح","تعبئة الأشياء بها مثل الدقيق أو الرمل","arabic1"
99,"علب الصفيح","الزينة","arabic1"
99,"علب الصفيح","مقلمة أقلام","arabic1"
99,"علب الصفيح","وضع بها أشياء المطبخ","arabic1"
99,"علب الصفيح","صنع دائرة كهربائية","arabic1"
99,"علب الصفيح","وضع الأشياء القديمة بها","arabic1"
100,"علب الصفيح","إعادة تدوير","arabic1"
100,"علب الصفيح","الزينة","arabic1"
100,"علب الصفيح","سلة قمامة","arabic1"
100,"علب الصفيح","إستخدامها في المنازل والورش","arabic1"
100,"علب الصفيح","مزهرية","arabic1"
100,"علب الصفيح","مقلمة علي المكتب","arabic1"
100,"علب الصفيح","عمل أبواب مخازن","arabic1"
100,"علب الصفيح","أماكن لتربية الحيوانات","arabic1"
100,"علب الصفيح","آلة حادة","arabic1"
100,"علب الصفيح","صناعة  الأدوات المنزلية","arabic1"
100,"علب الصفيح","صنع أسقف بيوت قديمة","arabic1"
100,"علب الصفيح","إناء الزراعة","arabic1"
100,"علب الصفيح","كراسي معدنية","arabic1"
101,"علب الصفيح","إعادة تدوير","arabic1"
101,"علب الصفيح","بيت للحيوانات","arabic1"
101,"علب الصفيح","صناعة صفائح للورد وبيعها","arabic1"
101,"علب الصفيح","الزينة","arabic1"
101,"علب الصفيح","حصالة","arabic1"
101,"علب الصفيح","آلات حادة","arabic1"
101,"علب الصفيح","صنع أدرع للحماية","arabic1"
101,"علب الصفيح","صنع مظلات للحماية من المطر","arabic1"
102,"علب الصفيح","وضع أشياء ليس لها مكان","arabic1"
102,"علب الصفيح","إستخدامها في المطبخ","arabic1"
102,"علب الصفيح","جمع الأشياء المبعثرة","arabic1"
102,"علب الصفيح","إستخدامها في الطعام","arabic1"
102,"علب الصفيح","وضع السلاسل والعقود","arabic1"
103,"علب الصفيح","الزينة","arabic1"
103,"علب الصفيح","مقلمة أقلام","arabic1"
103,"علب الصفيح","حصالة","arabic1"
103,"علب الصفيح","إناء للزراعة","arabic1"
103,"علب الصفيح","كوب للشرب","arabic1"
103,"علب الصفيح","لعب للأطفال","arabic1"
103,"علب الصفيح","إستخدامها كحذاء","arabic1"
103,"علب الصفيح","كرسي","arabic1"
104,"علب الصفيح","سلة مهملات","arabic1"
104,"علب الصفيح","تخزين الطعام","arabic1"
104,"علب الصفيح","إعادة تدوير","arabic1"
104,"علب الصفيح","تخزين ملابس معينة","arabic1"
104,"علب الصفيح","الزينة","arabic1"
104,"علب الصفيح","تخزين المياة","arabic1"
104,"علب الصفيح","حافظة أقلام والأوراق","arabic1"
105,"علب الصفيح","إعادة تدوير","arabic1"
105,"علب الصفيح","علبة هدايا","arabic1"
105,"علب الصفيح","إناء للزراعة","arabic1"
105,"علب الصفيح","الصناعات التي تحتوي علي معادن","arabic1"
105,"علب الصفيح","إناء للطعام","arabic1"
105,"علب الصفيح","عمل باب أو شباك","arabic1"
105,"علب الصفيح","أواني للطعام","arabic1"
105,"علب الصفيح","حصالة","arabic1"
105,"علب الصفيح","أداة حادة","arabic1"
106,"علب الصفيح","إناء للزراعة","arabic1"
106,"علب الصفيح","إعادة تدوير","arabic1"
106,"علب الصفيح","تخزين بعض الإحتياجات","arabic1"
106,"علب الصفيح","مقعد","arabic1"
106,"علب الصفيح","حفظ بعض المأكولات","arabic1"
106,"علب الصفيح","تخزين المياة","arabic1"
106,"علب الصفيح","سلة قمامة","arabic1"
106,"علب الصفيح","مقلمة","arabic1"
107,"علب الصفيح","صناعة بوابات صادة للرياح","arabic1"
107,"علب الصفيح","غطاء لبعض الأجهزة المعرضة للشممس","arabic1"
107,"علب الصفيح","مأوي للحيوانات لحمايتها","arabic1"
107,"علب الصفيح","ألعاب","arabic1"
107,"علب الصفيح","أسقف المنازل","arabic1"
107,"علب الصفيح","حصالة","arabic1"
108,"علب الصفيح","مقلمة","arabic1"
108,"علب الصفيح","حفظ الحبوب في المنزل","arabic1"
108,"علب الصفيح","شكل فني","arabic1"
108,"علب الصفيح","ديكور","arabic1"
108,"علب الصفيح","جاروف","arabic1"
108,"علب الصفيح","إناء للزراعة","arabic1"
108,"علب الصفيح","إناء للطبخ","arabic1"
108,"علب الصفيح","سلة مهملات","arabic1"
108,"علب الصفيح","الزينة","arabic1"
108,"علب الصفيح","اللعب بالرمال","arabic1"
108,"علب الصفيح","كمركز في لعبة الجولف","arabic1"
108,"علب الصفيح","علبة هدايا","arabic1"
108,"علب الصفيح","تقطيع الأشياء","arabic1"
108,"علب الصفيح","إستخدامها في الحمام","arabic1"
108,"علب الصفيح","وضع فرش الأسنان فيها","arabic1"
108,"علب الصفيح","إستخدامها في الطهي","arabic1"
109,"علب الصفيح","إعادة تدوير","arabic1"
109,"علب الصفيح","أداة حادة","arabic1"
109,"علب الصفيح","مقلمة","arabic1"
109,"علب الصفيح","يمكن الجلوس عليها","arabic1"
109,"علب الصفيح","الزينة","arabic1"
109,"علب الصفيح","أشكال","arabic1"
109,"علب الصفيح","مزهرية","arabic1"
109,"علب الصفيح","الوقوف عليها للوصول للأماكن المرتفعة","arabic1"
109,"علب الصفيح","تخزين الأشياء","arabic1"
112,"علب الصفيح","تخزين السمن والزيت","arabic1"
112,"علب الصفيح","مقلمة للأقلام","arabic1"
112,"علب الصفيح","حاوية قمامة","arabic1"
112,"علب الصفيح","الزينة","arabic1"
112,"علب الصفيح","حامل للمعالق والسكاكين","arabic1"
112,"علب الصفيح","في مؤخرة عصا طويلة لفك المصابيح في السقف","arabic1"
112,"علب الصفيح","إستخدام جزء منها لفتح الباب","arabic1"
112,"علب الصفيح","إستخدامها كدرع للوقاية علي اليد","arabic1"
112,"علب الصفيح","حصالة","arabic1"
112,"علب الصفيح","يمكن النقش عليها","arabic1"
112,"علب الصفيح","حفظ البهارات والمياة","arabic1"
112,"علب الصفيح","غليان الماء","arabic1"
112,"علب الصفيح","صناعة إكسسوارات","arabic1"
112,"علب الصفيح","صناعة مجسم","arabic1"
112,"علب الصفيح","بناء بيوت علي الشاطئ","arabic1"
112,"علب الصفيح","حفظ حيوانات صغيرة","arabic1"
112,"علب الصفيح","لصقها علي السقف","arabic1"
112,"علب الصفيح","الجلوس عليها","arabic1"
112,"علب الصفيح","حفظ الجبن","arabic1"
112,"علب الصفيح","حفظ الطعام","arabic1"
112,"علب الصفيح","إعادة تدوير","arabic1"
113,"علب الصفيح","دراجة للأطفال","arabic1"
113,"علب الصفيح","عش للحمام","arabic1"
113,"علب الصفيح","إناء للزراعة","arabic1"
113,"علب الصفيح","علب لحفظ الأدوات","arabic1"
113,"علب الصفيح","مزهرية","arabic1"
113,"علب الصفيح","مدافع صوت","arabic1"
113,"علب الصفيح","تخزين المخبوزات","arabic1"
113,"علب الصفيح","سلة مهملات","arabic1"
113,"علب الصفيح","كرسي","arabic1"
113,"علب الصفيح","في الورشة يحفظ بها البنزين وزيت السيارات","arabic1"
114,"علب الصفيح","إنتاج شئ جديد من المادة الخام","arabic1"
114,"علب الصفيح","إعادة تدوير","arabic1"
114,"علب الصفيح","إستخدامها في صناعات أخري","arabic1"
114,"علب الصفيح","عمل مجسمات","arabic1"
115,"علب الصفيح","حفظ المأكولات","arabic1"
115,"علب الصفيح","إستخدامها في الزراعة","arabic1"
115,"علب الصفيح","حفظ المشروبات الغازية","arabic1"
115,"علب الصفيح","الزينة","arabic1"
115,"علب الصفيح","تخزين الماء","arabic1"
115,"علب الصفيح","وضع بها البنزين","arabic1"
115,"علب الصفيح","أداة من أدوات الجلوس كمقعد","arabic1"
115,"علب الصفيح","سلة قمامة","arabic1"
115,"علب الصفيح","حفظ أدوات الخياطة","arabic1"
115,"علب الصفيح","أشكال هندسية","arabic1"
115,"علب الصفيح","وضع بها الكحولات","arabic1"
116,"علب الصفيح","حصالة","arabic1"
116,"علب الصفيح","سيارة لعبة للأطفال","arabic1"
116,"علب الصفيح","مقلمة أقلام","arabic1"
116,"علب الصفيح","منظم أدوات","arabic1"
116,"علب الصفيح","الزينة","arabic1"
116,"علب الصفيح","فازة لوضع الورود","arabic1"
116,"علب الصفيح","إستخدامها في عملية التنقيط ( رشاش مياه)","arabic1"
116,"علب الصفيح","صناعة مكتب صغير لوضع أشياء عليه","arabic1"
116,"علب الصفيح","حامل للموبايل","arabic1"
117,"علب الصفيح","وضع السمنة والزيت","arabic1"
117,"علب الصفيح","إعادة تدوير","arabic1"
117,"علب الصفيح","حفظ الأطعمة","arabic1"
117,"علب الصفيح","الزينة","arabic1"
117,"علب الصفيح","حاجز لحماية الحيوانات","arabic1"
117,"علب الصفيح","حفظ أدوات الخياطة","arabic1"
117,"علب الصفيح","وضع المواد الكيميائية كالبويات","arabic1"
117,"علب الصفيح","أشكال هندسية","arabic1"
117,"علب الصفيح","حفظ الأدوية","arabic1"
117,"علب الصفيح","أداة حادة كالسكين","arabic1"
117,"علب الصفيح","أشكال مبدعة للأطفال لسهولة التعلم","arabic1"
117,"علب الصفيح","وضع بها أنواع الكحولات","arabic1"
118,"علب الصفيح","تخزين الأشياء","arabic1"
118,"علب الصفيح","مظلة لحماية البيوت في الشتاء","arabic1"
118,"علب الصفيح","إعادة تدوير","arabic1"
118,"علب الصفيح","نغلق بها جزء مفتوح في المنزل","arabic1"
118,"علب الصفيح","الزينة","arabic1"
118,"علب الصفيح","تنظيف بقايا الأسمنت","arabic1"
118,"علب الصفيح","ديكور","arabic1"
118,"علب الصفيح","حفظ الزجاج عند نقلة من مكان لأخر","arabic1"
118,"علب الصفيح","قاعدة أساس للكرسي","arabic1"
118,"علب الصفيح","صندوق  للتبرعات","arabic1"
118,"علب الصفيح","علب للحلوي","arabic1"
119,"علب الصفيح","إناء للزراعة","arabic1"
119,"علب الصفيح","مقلمة للأقلام والألوان","arabic1"
119,"علب الصفيح","غطاء لأفران المنازل","arabic1"
119,"علب الصفيح","بيوت للعصافير","arabic1"
119,"علب الصفيح","في عمود الإنارة للحفاظ علي اللمبة في أوقات الشتاء","arabic1"
119,"علب الصفيح","إناء لطعام الحيوانات","arabic1"
119,"علب الصفيح","صناعة سماعات صغيرة","arabic1"
119,"علب الصفيح","تستخدم كلوحة","arabic1"
119,"علب الصفيح","كرسي","arabic1"
120,"علب الصفيح","إناء للزراعة","arabic1"
120,"علب الصفيح","الزينة","arabic1"
120,"علب الصفيح","إناء لطعام حيوانات الشوارع","arabic1"
120,"علب الصفيح","إعادة تدوير","arabic1"
120,"علب الصفيح","صناعة إطارات السيارات","arabic1"
120,"علب الصفيح","طلائها وإستخدامها  في وضع البضائع","arabic1"
120,"علب الصفيح","صناعة الإكسسوارات","arabic1"
123,"علب الصفيح","تخزين  بعض البقوليات","arabic1"
123,"علب الصفيح","في مكونات الطبخ","arabic1"
123,"علب الصفيح","حفظ أدوات الخياطة","arabic1"
123,"علب الصفيح","حامل للمعالق الخشبية","arabic1"
123,"علب الصفيح","تجميع مكعبات الأطفال","arabic1"
123,"علب الصفيح","حافظة إكسسوارات","arabic1"
123,"علب الصفيح","حصالة","arabic1"
123,"علب الصفيح","الزينة","arabic1"
123,"علب الصفيح","إضافة بعض الشموع ووضعها داخل المنزل","arabic1"
123,"علب الصفيح","إناء للزراعة","arabic1"
123,"علب الصفيح","الزينة","arabic1"
123,"علب الصفيح","تحويل علبة الصفيح لمصباح","arabic1"
123,"علب الصفيح","منظم للأقلام","arabic1"
123,"علب الصفيح","أدوات المطبخ والحمام","arabic1"
123,"علب الصفيح","حمل النقود","arabic1"
123,"علب الصفيح","حفظ أدوات المدرسة","arabic1"
124,"علب الصفيح","وضع الأشياء الصغيرة","arabic1"
124,"علب الصفيح","الزينة","arabic1"
124,"علب الصفيح","مقلمة أقلام","arabic1"
124,"علب الصفيح","إستخدام الصفائح كبير الحجم","arabic1"
124,"علب الصفيح","وضع أغراض المطبخ","arabic1"
124,"علب الصفيح","الإحتفاظ بمنتجات العناية","arabic1"
124,"علب الصفيح","ديكور","arabic1"
125,"علب الصفيح","صناعة تحف","arabic1"
125,"علب الصفيح","إستخدامها في علب التونة","arabic1"
125,"علب الصفيح","إعادة تدوير","arabic1"
125,"علب الصفيح","حفظ الدبابيس","arabic1"
125,"علب الصفيح","سلة للمخلفات","arabic1"
125,"علب الصفيح","حصالة","arabic1"
125,"علب الصفيح","تشكيل لعب للأطفال","arabic1"
125,"علب الصفيح","مقلمة للأدوات الدراسية","arabic1"
125,"علب الصفيح","إناء للزراعة","arabic1"
125,"علب الصفيح","الزينة","arabic1"
125,"علب الصفيح","تخلط فيها مجموعة زيوت للشعر","arabic1"
125,"علب الصفيح","تضع فيها السمنة أو الزبدة","arabic1"
125,"علب الصفيح","تدخل في صناعة الحديد","arabic1"
125,"علب الصفيح","طبق لأدوات البناء","arabic1"
126,"علب الصفيح","إعادة تدوير","arabic1"
126,"علب الصفيح","تستخدم في علب التونة","arabic1"
126,"علب الصفيح","تستخدم في علب السمنة أو الزبدة","arabic1"
126,"علب الصفيح","حفظ التونة","arabic1"
126,"علب الصفيح","تدخل في صناعة الحديد","arabic1"
126,"علب الصفيح","حصالة","arabic1"
126,"علب الصفيح","لعب الأطفال","arabic1"
126,"علب الصفيح","منظم أو حامل للأقلام","arabic1"
126,"علب الصفيح","الزينة","arabic1"
126,"علب الصفيح","يوضع بها أدوات البناء","arabic1"
127,"علب الصفيح","الإستفادة منها في المنزل","arabic1"
127,"علب الصفيح","إعادة تدوير","arabic1"
127,"علب الصفيح","صناعة علب  الزبدة أو الزيت","arabic1"
127,"علب الصفيح","صناعة علب التونة","arabic1"
127,"علب الصفيح","حصالة","arabic1"
127,"علب الصفيح","سلة مهملات","arabic1"
127,"علب الصفيح","لعب الأطفال","arabic1"
127,"علب الصفيح","تخزين ما يحتاجة المنزل","arabic1"
127,"علب الصفيح","إستخدامها لوضع شمعة كالضوء","arabic1"
127,"علب الصفيح","الزينة","arabic1"
127,"علب الصفيح","ديكور","arabic1"
127,"علب الصفيح","يوضع بها أدوات البناء","arabic1"
129,"علب الصفيح","إعادة تدوير","arabic1"
129,"علب الصفيح","تخزين الأشياء","arabic1"
129,"علب الصفيح","إستخدامها في الشرب","arabic1"
129,"علب الصفيح","أداة حادة","arabic1"
129,"علب الصفيح","مصدر رزق لبعض الناس","arabic1"
130,"علب الصفيح","حصالة","arabic1"
130,"علب الصفيح","جمع الأشياء الصغيرة المهمة","arabic1"
130,"علب الصفيح","وضع فيها أكل للحيوانات","arabic1"
130,"علب الصفيح","وسيلة تعليمية لموضوع الدرس","arabic1"
130,"علب الصفيح","كموضوع شرح في معرفة كيف تم صناعتها","arabic1"
130,"علب الصفيح","سلة قمامة","arabic1"
130,"علب الصفيح","عمل مجسمات وأشكال","arabic1"
131,"علب الصفيح","بيت  للقطط","arabic1"
131,"علب الصفيح","صندوق لفظ الألعاب","arabic1"
131,"علب الصفيح","حافظة للملابس الأطفال","arabic1"
131,"علب الصفيح","حفظ الإكسسوارات","arabic1"
131,"علب الصفيح","حفظ الطعام","arabic1"
131,"علب الصفيح","حافظة للأقلام","arabic1"
131,"علب الصفيح","عمل إكسسوارات","arabic1"
131,"علب الصفيح","صنع حقيبة","arabic1"
131,"علب الصفيح","أداة حادة","arabic1"
131,"علب الصفيح","لافتة  للكتابة عليها","arabic1"
132,"علب الصفيح","سلة مهملات","arabic1"
132,"علب الصفيح","عمل برطمان للتخزين","arabic1"
132,"علب الصفيح","إعادة تدوير","arabic1"
132,"علب الصفيح","حامل تليفونات في الشوارع","arabic1"
132,"علب الصفيح","إستخدامها في الالحمامات والمطابخ","arabic1"
132,"علب الصفيح","إستخدامها في مداخل العمارات والمباني","arabic1"
132,"علب الصفيح","حفظ مستحضرات التجميل","arabic1"
132,"علب الصفيح","علبة هدايا","arabic1"
132,"علب الصفيح","إستخدامها في التنظيف","arabic1"
132,"علب الصفيح","حفظ الطعام","arabic1"
132,"علب الصفيح","سلة مهملات","arabic1"
132,"علب الصفيح","أطباق لتناول الطعام","arabic1"
132,"علب الصفيح","إستخدامها لتسخين الطعام","arabic1"
133,"علب الصفيح","مقلمة أقلام","arabic1"
133,"علب الصفيح","سلة قمامة","arabic1"
133,"علب الصفيح","تخزين الحبوب الغذائية","arabic1"
133,"علب الصفيح","إناء للزراعة","arabic1"
133,"علب الصفيح","حفظ الألعاب","arabic1"
133,"علب الصفيح","الزينة","arabic1"
133,"علب الصفيح","إستخدامها في ورش الميكانيكا","arabic1"
133,"علب الصفيح","وضع أشياء داخلها","arabic1"
134,"علب الصفيح","تخزين الأشياء","arabic1"
134,"علب الصفيح","حصالة","arabic1"
134,"علب الصفيح","عمل مجسم","arabic1"
134,"علب الصفيح","وضع الأشياء","arabic1"
134,"علب الصفيح","إعادة تدوير","arabic1"
134,"علب الصفيح","ألعاب الأطفال","arabic1"
135,"علب الصفيح","صناديق للقمامة","arabic1"
135,"علب الصفيح","إناء للزراعة","arabic1"
135,"علب الصفيح","تجميع ألعاب الأطفال بها","arabic1"
135,"علب الصفيح","صندوق للأقلام","arabic1"
135,"علب الصفيح","تخزين الماء بها","arabic1"
135,"علب الصفيح","جمع الدبابيس بها","arabic1"
135,"علب الصفيح","وضع بها أنوار كالفوانيس","arabic1"
135,"علب الصفيح","وضع داخلها حجارة وجعلها تصدر صوتاً","arabic1"
136,"علب الصفيح","سلة قمامة","arabic1"
136,"علب الصفيح","الزينة","arabic1"
136,"علب الصفيح","صندوق للأدوات الشخصية","arabic1"
136,"علب الصفيح","صندوق للكتب الدراسية","arabic1"
136,"علب الصفيح","مقلمة للأقلام","arabic1"
136,"علب الصفيح","دولاب للملابس","arabic1"
136,"علب الصفيح","إستخدامها كمكتب للتلفيزيون","arabic1"
136,"علب الصفيح","منظم أحذية","arabic1"
137,"علب الصفيح","إعادة تدوير","arabic1"
137,"علب الصفيح","حصالة","arabic1"
137,"علب الصفيح","مقلمة أقلام","arabic1"
137,"علب الصفيح","وضعها فوق بعضها البعض ووضع شئ عليها","arabic1"
137,"علب الصفيح","إستخدامها في المطبخ ووضع بها المعالق","arabic1"
137,"علب الصفيح","وضع  فيها بعض الزهور","arabic1"
137,"علب الصفيح","وضع بها فرش الميكب علي التسريحة","arabic1"
137,"علب الصفيح","ديكور","arabic1"
140,"علب الصفيح","وضع المهملات بها","arabic1"
140,"علب الصفيح","عمل شكل معين","arabic1"
140,"علب الصفيح","يوضع بها الأشياء التي لا يوجد لها مكان","arabic1"
140,"علب الصفيح","النحت عليها","arabic1"
140,"علب الصفيح","وضع الأكل والمياة للحيوانات التي توجد في الشوارع","arabic1"
140,"علب الصفيح","وضع المواد الضارة بها","arabic1"
141,"علب الصفيح","حصالة","arabic1"
141,"علب الصفيح","صنع منضدة","arabic1"
141,"علب الصفيح","إستخدامها في بعض الألعاب لتصدر الأصوات","arabic1"
141,"علب الصفيح","ألة موسيقي","arabic1"
141,"علب الصفيح","تجميع الألعاب الصغيرة","arabic1"
141,"علب الصفيح","تخزين الأشياء القديمة","arabic1"
141,"علب الصفيح","وضع الأطعمة الباقية","arabic1"
141,"علب الصفيح","إستخدامها لوض الأكل والشرب لبعض الحيوانات","arabic1"
141,"علب الصفيح","الزينة","arabic1"
141,"علب الصفيح","مصدر للصوت العالي","arabic1"
141,"علب الصفيح","في التجارب العلمية التي تتطلب جسم موصل للكهرباء","arabic1"
141,"علب الصفيح","مقلمة أقلام أو أدوات الرسم أو التجميل","arabic1"
143,"علب الصفيح","عمل بار حديد للعب به","arabic1"
143,"علب الصفيح","مقلمة أقلام","arabic1"
143,"علب الصفيح","إناء للزراعة","arabic1"
143,"علب الصفيح","صندوق للقمامة","arabic1"
143,"علب الصفيح","أشكال هندسية","arabic1"
143,"علب الصفيح","تستخدم في ري الزرع","arabic1"
143,"علب الصفيح","حصالة","arabic1"
144,"علب الصفيح","إستخدامها في صناعات الروبوت","arabic1"
144,"علب الصفيح","إبتكار الأجهزة الحديثة","arabic1"
144,"علب الصفيح","مصدر دخل لبعض الناس","arabic1"
144,"علب الصفيح","إستخدامها في صناعة السيارات","arabic1"
144,"علب الصفيح","تعبئة المواد الغذائية","arabic1"
144,"علب الصفيح","الزينة","arabic1"
144,"علب الصفيح","صناعة المحركات","arabic1"
144,"علب الصفيح","صناعة الطائرات","arabic1"
144,"علب الصفيح","إستخدامها في مجال الفنون","arabic1"
144,"علب الصفيح","تحويلها لأدوات منزلية حديثة","arabic1"
145,"علب الصفيح","حصالة","arabic1"
145,"علب الصفيح","وضع الورق بها","arabic1"
145,"علب الصفيح","مقلمة أقلام","arabic1"
145,"علب الصفيح","حافظة إكسسوارات وأدوات تجميل","arabic1"
145,"علب الصفيح","الزينة","arabic1"
146,"علب الصفيح","تعبئة المواد الغذائية","arabic1"
146,"علب الصفيح","تستخدم في أغراض المطبخ","arabic1"
146,"علب الصفيح","حفظ الأشياء الصغيرة","arabic1"
146,"علب الصفيح","تستخدم في محلات بيع مستلزمات خياطة الملابس","arabic1"
146,"علب الصفيح","عمل مجسمات","arabic1"
146,"علب الصفيح","يستخدمها الأطفال في اللعب","arabic1"
146,"علب الصفيح","سلة قمامة","arabic1"
146,"علب الصفيح","مقاعد للمارة","arabic1"
146,"علب الصفيح","الزينة","arabic1"
146,"علب الصفيح","الرسم عليها","arabic1"
146,"علب الصفيح","أسطح للحماية من الشمس","arabic1"
147,"علب الصفيح","منظم للأقلام والأدوات الدراسية","arabic1"
147,"علب الصفيح","ديكور","arabic1"
147,"علب الصفيح","إستخدامها في أدوات المطبخ","arabic1"
147,"علب الصفيح","تجميع مكعبات الأطفال فيها","arabic1"
147,"علب الصفيح","الزينة","arabic1"
147,"علب الصفيح","حافظة إكسسوارات","arabic1"
147,"علب الصفيح","حافظة للأشياء الصغيرة","arabic1"
148,"علب الصفيح","وضع فيها الخيط والإبر","arabic1"
148,"علب الصفيح","مقلمة أقلام","arabic1"
148,"علب الصفيح","وضع بها الأوراق المهمة","arabic1"
148,"علب الصفيح","وضع بها الإكسسوارات","arabic1"
148,"علب الصفيح","وضع بها مستحضرات التجميل","arabic1"
148,"علب الصفيح","حفظ المخبوزات","arabic1"
148,"علب الصفيح","حصالة","arabic1"
148,"علب الصفيح","إناء للزراعة","arabic1"
148,"علب الصفيح","يوضع فيها الدبابيس","arabic1"
148,"علب الصفيح","يوضع فيها منتجات العناية بالبشرة","arabic1"
148,"علب الصفيح","يوضع فيها أدوات النظافة الشخصية","arabic1"
148,"علب الصفيح","سلة مهملات","arabic1"
148,"علب الصفيح","إستخدامها كإناء يوضع فيه المياة  للتنظيف","arabic1"
148,"علب الصفيح","وضع فيها القمامة","arabic1"
149,"علب الصفيح","إعادة تدوير","arabic1"
149,"علب الصفيح","إستخدامها في أغراض المطبخ","arabic1"
149,"علب الصفيح","إناء للزراعة","arabic1"
149,"علب الصفيح","مقلمة للأقلام","arabic1"
149,"علب الصفيح","زهرية توضع داخل الفصل","arabic1"
149,"علب الصفيح","زراعة بذور تستخدم  للتجربة في المعمل","arabic1"
149,"علب الصفيح","تخزين الماء","arabic1"
149,"علب الصفيح","تدخل في صناعة المصابيح","arabic1"
149,"علب الصفيح","تخزين الطعام","arabic1"
149,"علب الصفيح","أشكال يدوية","arabic1"
151,"علب الصفيح","إناء للزراعة","arabic1"
151,"علب الصفيح","الزينة","arabic1"
151,"علب الصفيح","حصالة","arabic1"
151,"علب الصفيح","إعادة تدوير","arabic1"
151,"علب الصفيح","وضع الأسمنت بها وعمل الأوزان","arabic1"
151,"علب الصفيح","صندوق قمامة","arabic1"
151,"علب الصفيح","وضع بعض الأغراض الشخصية","arabic1"
151,"علب الصفيح","إستخدامها في سقف الأسطح","arabic1"
151,"علب الصفيح","كرسي أو أثاث","arabic1"
152,"علب الصفيح","إعادة تدوير","arabic1"
152,"علب الصفيح","منظم أقلام","arabic1"
152,"علب الصفيح","الزينة","arabic1"
152,"علب الصفيح","عمل مكعبات للأطفال","arabic1"
152,"علب الصفيح","ديكور المنزل","arabic1"
153,"علب الصفيح","وضع بها منتجات","arabic1"
153,"علب الصفيح","حصالة","arabic1"
153,"علب الصفيح","وضع بها الأدوات الشخصية","arabic1"
153,"علب الصفيح","تستخدم في شرب المشروبات","arabic1"
153,"علب الصفيح","حمل الأشياء","arabic1"
153,"علب الصفيح","أشكال متعددة","arabic1"
153,"علب الصفيح","عمل مكعبات","arabic1"
153,"علب الصفيح","أشكال هندسية","arabic1"
153,"علب الصفيح","الزينة","arabic1"
153,"علب الصفيح","تخزين الأشياء بها","arabic1"
154,"علب الصفيح","إعادة تدوير","arabic1"
154,"علب الصفيح","حفظ المواد الغذائية","arabic1"
154,"علب الصفيح","تخزين الطعام","arabic1"
154,"علب الصفيح","في إستخدام البترول","arabic1"
154,"علب الصفيح","سلة مخلفات","arabic1"
155,"علب الصفيح","حصالة","arabic1"
155,"علب الصفيح","مقلمة أقلام","arabic1"
155,"علب الصفيح","إستخدامها في الزراعة","arabic1"
155,"علب الصفيح","كمعيار أثناء امعاملات البيع والشراء","arabic1"
155,"علب الصفيح","وضع الطعام فيها للقطط","arabic1"
155,"علب الصفيح","مظلة للمصباح","arabic1"
155,"علب الصفيح","في بعض أعمال الصيانة","arabic1"
155,"علب الصفيح","وض الأشياء في شكل منظم","arabic1"
155,"علب الصفيح","عمل ألعاب للأطفال","arabic1"
155,"علب الصفيح","وضع السمنة لها","arabic1"
155,"علب الصفيح","الزينة","arabic1"
156,"علب الصفيح","صناعة المخلل في علبة الصفيح","arabic1"
156,"علب الصفيح","إعادة تدوير","arabic1"
156,"علب الصفيح","حصالة","arabic1"
156,"علب الصفيح","بيوت للطيور","arabic1"
156,"علب الصفيح","تخزين الطعام","arabic1"
156,"علب الصفيح","تخزين الفواكة","arabic1"
156,"علب الصفيح","صناعة الصابون السائل بها","arabic1"
156,"علب الصفيح","سلة قمامة","arabic1"
156,"علب الصفيح","أداة لرش الماء","arabic1"
156,"علب الصفيح","الزينة","arabic1"
156,"علب الصفيح","إناء للزراعة","arabic1"
157,"علب الصفيح","ديكور ( صناعة أباجورة )","arabic1"
157,"علب الصفيح","حامل أقلام","arabic1"
157,"علب الصفيح","سلة قمامة","arabic1"
157,"علب الصفيح","تخزين المواد الغذائية في المنزل","arabic1"
157,"علب الصفيح","صناعة الدبابيس","arabic1"
157,"علب الصفيح","عمل ألواح معدنية","arabic1"
157,"علب الصفيح","صناعة بعض أثاث المنزل","arabic1"
157,"علب الصفيح","صناعة أنبوبة الأقلام","arabic1"
157,"علب الصفيح","صناعة بعض الإكسسوارات","arabic1"
157,"علب الصفيح","إستخدامها في بعض التجارب المعملية","arabic1"
158,"علب الصفيح","حفظ الأقلام علي المكتب","arabic1"
158,"علب الصفيح","الزينة","arabic1"
158,"علب الصفيح","إعادة تدوير","arabic1"
158,"علب الصفيح","سلة قمامة","arabic1"
158,"علب الصفيح","وضع العديد من الأشياء بداخلها كالملابس","arabic1"
158,"علب الصفيح","وضع قطع من الحلوي بداخلها","arabic1"
158,"علب الصفيح","إستخدامها في أغراض المطبخ","arabic1"
158,"علب الصفيح","وضع الزيت والشامبو بها","arabic1"
158,"علب الصفيح","وضع بداخلها العديد من الخضراوات","arabic1"
158,"علب الصفيح","وضع  الفاكهة بها","arabic1"
158,"علب الصفيح","ديكور","arabic1"
158,"علب الصفيح","وضع الدبابيس بها","arabic1"
158,"علب الصفيح","وضع الإكسسوارات بها","arabic1"
158,"علب الصفيح","وضع ريموت التلفاز بها","arabic1"
158,"علب الصفيح","وضع بها أشياء مختلفة","arabic1"
158,"علب الصفيح","كتابة جمل تحفيزية عليها","arabic1"
158,"علب الصفيح","الزينة","arabic1"
158,"علب الصفيح","مزهرية","arabic1"
160,"علب الصفيح","ألعاب الأطفال","arabic1"
160,"علب الصفيح","تحويلها  إلي علب بيبسي","arabic1"
160,"علب الصفيح","تحويلها إلي تماثيل من المعدن","arabic1"
160,"علب الصفيح","إكسسوارات","arabic1"
160,"علب الصفيح","أطباق للطعام","arabic1"
160,"علب الصفيح","الزينة","arabic1"
160,"علب الصفيح","زجاجات للشرب","arabic1"
160,"علب الصفيح","إناء للزلراعة","arabic1"
160,"علب الصفيح","عمل كرسي","arabic1"
160,"علب الصفيح","إستخدامها في أدوات الكهرباء","arabic1"
160,"علب الصفيح","تدويرها لتستخدم في الأدوات الموجودة في الجامعات","arabic1"
160,"علب الصفيح","عمل أسقف المنازل","arabic1"
161,"علب الصفيح","زجاجة لحفظ الأزهار","arabic1"
161,"علب الصفيح","حفظ الأدوات المنزلية","arabic1"
161,"علب الصفيح","الزينة","arabic1"
161,"علب الصفيح","ألعاب الأطفال","arabic1"
161,"علب الصفيح","إعادة تدوير","arabic1"
161,"علب الصفيح","كمصباح عن طريق وضع الإنارة داخله","arabic1"
161,"علب الصفيح","واقي للهاتف","arabic1"
161,"علب الصفيح","صنع أنشطة مدرسية لتعليم الطلاب","arabic1"
161,"علب الصفيح","صنع إكسسوارات","arabic1"
161,"علب الصفيح","حامل للأشياء","arabic1"
161,"علب الصفيح","حفظ الطعام","arabic1"
162,"علب الصفيح","مقلمة","arabic1"
162,"علب الصفيح","تخزين الأشياء","arabic1"
162,"علب الصفيح","بيت للطيور","arabic1"
162,"علب الصفيح","إناء تشرب منه الطيور","arabic1"
163,"علب الصفيح","إستخدامها في الألوان للتعبير عن ألوان الطيف","arabic1"
163,"علب الصفيح","إناء للزراعة","arabic1"
163,"علب الصفيح","مقلمة أقلام","arabic1"
163,"علب الصفيح","حصالة","arabic1"
163,"علب الصفيح","الزينة","arabic1"
163,"علب الصفيح","مصدر للصوت","arabic1"
164,"علب الصفيح","سلة قمامة","arabic1"
164,"علب الصفيح","ديكور","arabic1"
164,"علب الصفيح","فازة للورد","arabic1"
164,"علب الصفيح","مقلمة أقلام","arabic1"
164,"علب الصفيح","كرسي","arabic1"
164,"علب الصفيح","التخزين","arabic1"
164,"علب الصفيح","منزل صغير للكلب","arabic1"
165,"علب الصفيح","إناء للزراعة","arabic1"
165,"علب الصفيح","حامل أقلام","arabic1"
165,"علب الصفيح","حصالة","arabic1"
165,"علب الصفيح","مزهرية للورود","arabic1"
165,"علب الصفيح","إعادة تدوير","arabic1"
165,"علب الصفيح","ديكور","arabic1"
165,"علب الصفيح","طاولة أو كرسي","arabic1"
165,"علب الصفيح","صندوق لجمع الصور","arabic1"
165,"علب الصفيح","صندوق لجمع المعدات","arabic1"
165,"علب الصفيح","صندوق لحفظ الخيط والإبر","arabic1"
165,"علب الصفيح","صندوق لحفظ الإكسسوارات","arabic1"
165,"علب الصفيح","الزينة","arabic1"
165,"علب الصفيح","أداة حادة","arabic1"
166,"علب الصفيح","إعادة تدوير","arabic1"
166,"علب الصفيح","إناء للزراعة","arabic1"
166,"علب الصفيح","تخزين الأشياء","arabic1"
166,"علب الصفيح","تزينها جيداً ووضع المناديل بها","arabic1"
167,"علب الصفيح","سلة قمامة","arabic1"
167,"علب الصفيح","صندوق للإحتفاظ بالأشياء غير المهمة","arabic1"
167,"علب الصفيح","كرسي","arabic1"
167,"علب الصفيح","برواز حائط","arabic1"
167,"علب الصفيح","تربيزة","arabic1"
167,"علب الصفيح","مقابض للباب أو الشباك","arabic1"
167,"علب الصفيح","باب","arabic1"
167,"علب الصفيح","شباك","arabic1"
167,"علب الصفيح","أواني للطهي","arabic1"
167,"علب الصفيح","إناء للزراعة","arabic1"
167,"علب الصفيح","لوحة إعلانات","arabic1"
167,"علب الصفيح","مسامير","arabic1"
167,"علب الصفيح","نموذج مصغر من بناء","arabic1"
167,"علب الصفيح","نموذج مصغر من سيارة","arabic1"
167,"علب الصفيح","ألعاب","arabic1"
167,"علب الصفيح","إطارات","arabic1"
167,"علب الصفيح","هاتف محمول","arabic1"
167,"علب الصفيح","تليفزيون","arabic1"
167,"علب الصفيح","معلقة","arabic1"
167,"علب الصفيح","شوكة","arabic1"
167,"علب الصفيح","سكينة","arabic1"
167,"علب الصفيح","سلم","arabic1"
167,"علب الصفيح","جدار","arabic1"
167,"علب الصفيح","عازل","arabic1"
167,"علب الصفيح","بيت صغير للحيوانات مثل الكلب","arabic1"
167,"علب الصفيح","حقيبة","arabic1"
167,"علب الصفيح","نظارات","arabic1"
167,"علب الصفيح","إكسسوارات","arabic1"
167,"علب الصفيح","ساعة","arabic1"
167,"علب الصفيح","قلادة","arabic1"
168,"علب الصفيح","الزينة","arabic1"
168,"علب الصفيح","أشكال هندسية","arabic1"
168,"علب الصفيح","تخزين المواد","arabic1"
168,"علب الصفيح","تدخل في إستخدامات مختلفة","arabic1"
168,"علب الصفيح","أشكال جمالية","arabic1"
168,"علب الصفيح","تدخل في صناعة العديد من الأجهزة","arabic1"
168,"علب الصفيح","تزين بعض الأشكال والملابس","arabic1"
168,"علب الصفيح","تحويلها لشئ نافع","arabic1"
168,"علب الصفيح","تدخل في الإحتفاظ بمواد الطلاء","arabic1"
168,"علب الصفيح","إعادة تدوير","arabic1"
168,"علب الصفيح","إضافة بعض المواد وإستخدامها كطلاء","arabic1"
168,"علب الصفيح","صناعة الأثاث","arabic1"
168,"علب الصفيح","إستخدامها كعازل للكهرباء بعد إضافة بعض المواد","arabic1"
169,"علب الصفيح","إعادة تدوير","arabic1"
169,"علب الصفيح","تخزين بعض الأشياء المنزلية","arabic1"
169,"علب الصفيح","لعب الأطفال","arabic1"
169,"علب الصفيح","إستخدامها كوسيلة أو نشاط للأطفال","arabic1"
169,"علب الصفيح","الزينة","arabic1"
169,"علب الصفيح","إناء للزراعة","arabic1"
169,"علب الصفيح","عمل مقعد","arabic1"
169,"علب الصفيح","ديكور","arabic1"
170,"علب الصفيح","ديكور","arabic1"
170,"علب الصفيح","تخزين الأكل","arabic1"
170,"علب الصفيح","إستخدامها في لعب الأطفال","arabic1"
170,"علب الصفيح","عمل مجسمات","arabic1"
170,"علب الصفيح","سلم","arabic1"
170,"علب الصفيح","صنع كرسي","arabic1"
170,"علب الصفيح","عمل أجزاء من الحقيبة","arabic1"
170,"علب الصفيح","صنع سبورة من الوراء","arabic1"
170,"علب الصفيح","صنع جرابات الهواتف","arabic1"
171,"علب الصفيح","الزينة","arabic1"
171,"علب الصفيح","حصالة","arabic1"
171,"علب الصفيح","إعادة تدوير وصنعها من جديد","arabic1"
171,"علب الصفيح","أدوات المطبخ","arabic1"
171,"علب الصفيح","مجسم هندسي","arabic1"
171,"علب الصفيح","إستخدامها في عمل جهاز للأغاني","arabic1"
171,"علب الصفيح","مزهرية","arabic1"
171,"علب الصفيح","إعادة تدوير","arabic1"
171,"علب الصفيح","عمل سبائك","arabic1"
173,"علب الصفيح","إعادة تدوير","arabic1"
173,"علب الصفيح","جمعها وبيعها بمبالغ رمزية","arabic1"
173,"علب الصفيح","إستخدامها في الأعمال اليدوية","arabic1"
173,"علب الصفيح","حافظ أقلام أو ألوان","arabic1"
173,"علب الصفيح","الزينة","arabic1"
173,"علب الصفيح","صنع إكسسوارات","arabic1"
173,"علب الصفيح","تخزين الطعام","arabic1"
174,"علب الصفيح","إعادة تدوير","arabic1"
174,"علب الصفيح","الزينة","arabic1"
174,"علب الصفيح","إستخدامها في طباعة المفتاح","arabic1"
175,"علب الصفيح","صناعة نشاط للأطفال يهدف إلي تعليم الأرقام","arabic1"
175,"علب الصفيح","إناء للزراعة","arabic1"
175,"علب الصفيح","مقلمة","arabic1"
175,"علب الصفيح","حصالة","arabic1"
175,"علب الصفيح","الزينة","arabic1"
175,"علب الصفيح","تعليم الأشكال الهندسية","arabic1"
175,"علب الصفيح","صناعة قطار","arabic1"
175,"علب الصفيح","ديكور","arabic1"
175,"علب الصفيح","حفظ الإكسسوارات","arabic1"
175,"علب الصفيح","إناء لشرب العصافير والحيوانات","arabic1"
175,"علب الصفيح","نشاط لتعليم الأطفال","arabic1"
175,"علب الصفيح","تعليم الأحجام المختلفة","arabic1"
177,"علب الصفيح","إعادة تدوير","arabic1"
177,"علب الصفيح","وضع فيها أي شئ","arabic1"
177,"علب الصفيح","الزينة","arabic1"
177,"علب الصفيح","مقلمة أقلام","arabic1"
177,"علب الصفيح","إناء لطعام الحيوانات","arabic1"
177,"علب الصفيح","ألعاب للأطفال","arabic1"
177,"علب الصفيح","وسيلة تعليمية","arabic1"
177,"علب الصفيح","الرسم عليها","arabic1"
178,"علب الصفيح","التخزين","arabic1"
178,"علب الصفيح","باب كوخ","arabic1"
178,"علب الصفيح","غليان الماء","arabic1"
178,"علب الصفيح","مقلمة أقلام","arabic1"
178,"علب الصفيح","إعادة تدوير","arabic1"
179,"علب الصفيح","الزينة","arabic1"
179,"علب الصفيح","صنع ألواح من الصفيح","arabic1"
179,"علب الصفيح","ديكور","arabic1"
179,"علب الصفيح","صنع بعض الألعاب","arabic1"
179,"علب الصفيح","إعادة تدوير","arabic1"
179,"علب الصفيح","إستخدامها في المنزل","arabic1"
179,"علب الصفيح","حاوية للقمامة","arabic1"
179,"علب الصفيح","تخزين الأشياء","arabic1"
179,"علب الصفيح","إناء للزراعة","arabic1"
179,"علب الصفيح","إستخدامها في رفع الأثقال","arabic1"
179,"علب الصفيح","إستخدامها في النشاطات المدرسية المختلفة","arabic1"
180,"علب الصفيح","إعادة تدوير","arabic1"
180,"علب الصفيح","الزينة","arabic1"
180,"علب الصفيح","بديل لشئ ما في المنزل","arabic1"
180,"علب الصفيح","إستخدامها بشكل آمن  ويتم تلوينها","arabic1"
180,"علب الصفيح","عمل أشكال وألعاب للأطفال","arabic1"
180,"علب الصفيح","حصالة","arabic1"
180,"علب الصفيح","عمل أشكال هندسية","arabic1"
180,"علب الصفيح","إستخدامها في المنزل","arabic1"
180,"علب الصفيح","صنع شجرة صغيرة","arabic1"
181,"علب الصفيح","حصالة","arabic1"
181,"علب الصفيح","إستخدامها في أغراض المطبخ","arabic1"
181,"علب الصفيح","إناء للزراعة","arabic1"
181,"علب الصفيح","أشكال هندسية","arabic1"
181,"علب الصفيح","سلة للبلكونة","arabic1"
181,"علب الصفيح","كرسي مرور","arabic1"
182,"علب الصفيح","الزينة","arabic1"
182,"علب الصفيح","مقلمة أقلام","arabic1"
182,"علب الصفيح","سلة قمامة","arabic1"
182,"علب الصفيح","ديكور","arabic1"
182,"علب الصفيح","أداة حادة","arabic1"
183,"علب الصفيح","حافظة أقلام","arabic1"
183,"علب الصفيح","حافظة معالق","arabic1"
183,"علب الصفيح","إستخدامها في التعرف علي الأرقام","arabic1"
183,"علب الصفيح","مزهرية للورود","arabic1"
183,"علب الصفيح","بناء الأشكال الهندسية","arabic1"
183,"علب الصفيح","حفظ الدبابيس","arabic1"
183,"علب الصفيح","ديكور","arabic1"
183,"علب الصفيح","إساخدامها في جهاز هاتف قديم يربط إثنين مع بعض","arabic1"
183,"علب الصفيح","حصالة","arabic1"
183,"علب الصفيح","حفظ بعض المواد","arabic1"
183,"علب الصفيح","أشكال فنية","arabic1"
183,"علب الصفيح","إستخدامها للعب ككرة للأطفال","arabic1"
184,"علب الصفيح","تخزين الأشياء","arabic1"
184,"علب الصفيح","مقلمة للمكتب","arabic1"
184,"علب الصفيح","تخزين الأدوات","arabic1"
184,"علب الصفيح","تعبئتها من جديد بالسوائل","arabic1"
184,"علب الصفيح","ترتيب الأغراض الشخصية","arabic1"
184,"علب الصفيح","وضع فرش الدهان بداخلها","arabic1"
184,"علب الصفيح","إناء للزراعة","arabic1"
184,"علب الصفيح","إستخدامها في لحام الأشياء","arabic1"
184,"علب الصفيح","إعادة تدوير","arabic1"
184,"علب الصفيح","تخزين الطعام في المطبخ","arabic1"
185,"علب الصفيح","الزينة","arabic1"
185,"علب الصفيح","إعادة تدوير","arabic1"
185,"علب الصفيح","إستخدامها في تصنيع الأشياء التي تحتاج لهذة المادة الخام","arabic1"
185,"علب الصفيح","إستخدامها في عملية الزراعة","arabic1"
187,"علب الصفيح","لعب الأطفال","arabic1"
187,"علب الصفيح","التخزين","arabic1"
187,"علب الصفيح","تستخدم كزجاجات","arabic1"
187,"علب الصفيح","عمل كرسي صغير","arabic1"
187,"علب الصفيح","أطباق","arabic1"
187,"علب الصفيح","تستخدم في المصانع","arabic1"
187,"علب الصفيح","تستخدم في المزارع","arabic1"
188,"علب الصفيح","صناديق  في الشوارع خاصة بهذه العلب","arabic1"
188,"علب الصفيح","مقلمة أقلام","arabic1"
188,"علب الصفيح","إعادة تدوير","arabic1"
188,"علب الصفيح","عمل مجسمات","arabic1"
189,"علب الصفيح","ديكور","arabic1"
189,"علب الصفيح","وسيلة لتعليم الأرقام","arabic1"
189,"علب الصفيح","وسيلة لتعليم الألوان","arabic1"
189,"علب الصفيح","أداة حادة مثل السكين","arabic1"
189,"علب الصفيح","إعادة تدوير","arabic1"
189,"علب الصفيح","صنع فوانيس وألعاب","arabic1"
189,"علب الصفيح","حصالة","arabic1"
189,"علب الصفيح","أطباق للعلب","arabic1"
189,"علب الصفيح","إعادة تدوير","arabic1"
190,"علب الصفيح","الزينة","arabic1"
190,"علب الصفيح","إعادة تدوير","arabic1"
190,"علب الصفيح","إستخدامها في المنزل ووضع أشياء بها","arabic1"
190,"علب الصفيح","إناء للزراعة","arabic1"
190,"علب الصفيح","إستخدامها في نقل الأشياء","arabic1"
190,"علب الصفيح","إنا لطعام الحيوانات","arabic1"
190,"علب الصفيح","عمل لعب للأطفال","arabic1"
190,"علب الصفيح","عمل تجارب معملية","arabic1"
190,"علب الصفيح","وضع خامات مختلفة بها","arabic1"
190,"علب الصفيح","نصنع بها ثقوب ونسقي بها الزرع","arabic1"
190,"علب الصفيح","مقلمة","arabic1"
190,"علب الصفيح","إستخدامها في المدارس لجمع الطباشير","arabic1"
190,"علب الصفيح","عمل أشكال هندسية","arabic1"
190,"علب الصفيح","إستخدامها في الرسم","arabic1"
190,"علب الصفيح","عمل دوائر كهربائية ومصابيح","arabic1"
191,"علب الصفيح","تدخل في صناعة السيارات","arabic1"
191,"علب الصفيح","تدخل في الأجهزة الكهربائية","arabic1"
191,"علب الصفيح","ألعاب الأطفال","arabic1"
191,"علب الصفيح","الدراجات النارية","arabic1"
191,"علب الصفيح","مستلزمات الدراسة","arabic1"
191,"علب الصفيح","الإكسسوارات","arabic1"
191,"علب الصفيح","إعادة تدوير","arabic1"
191,"علب الصفيح","أدوات الصيانة","arabic1"
191,"علب الصفيح","أدوات الميكانيكا","arabic1"
192,"علب الصفيح","إعادة تدوير","arabic1"
192,"علب الصفيح","أشكال هندسية","arabic1"
192,"علب الصفيح","حفظ الأشياء المهمة","arabic1"
192,"علب الصفيح","الزينة","arabic1"
192,"علب الصفيح","إناء للزراعة","arabic1"
192,"علب الصفيح","أداة حادة","arabic1"
192,"علب الصفيح","لعب للأطفال","arabic1"
192,"علب الصفيح","عمل أشياء مفيدة للمنزل","arabic1"
192,"علب الصفيح","نقل السوائل فيها","arabic1"
192,"علب الصفيح","الإحتفاظ بدرجة حرارة الأشياء بداخلها","arabic1"
192,"علب الصفيح","أداة غيار لتصليح الأشياء التالفة","arabic1"
192,"علب الصفيح","صنع أدوات لزراعة الأرض","arabic1"
